time,港濱軸帶,安平老街,國華海安商圈,孔廟文化園區,赤崁園區
2022/7/112:00:00AM,27.6,27.54,27.4,27.4,27.4
2022/7/101:00:00AM,27.7,27.5,27.4,27.4,27.4
2022/7/102:00:00AM,27.7,27.57,27.8,27.8,27.8
2022/7/103:00:00AM,27.3,27.75,27.5,27.5,27.5
2022/7/104:00:00AM,27.3,27.62,27.8,27.8,27.8
2022/7/105:00:00AM,27.8,27.89,27.7,27.7,27.7
2022/7/106:00:00AM,28.3,28.45,27.5,27.5,27.5
2022/7/107:00:00AM,28.9,29.03,28.4,28.4,28.4
2022/7/108:00:00AM,30.1,30.21,29.7,29.7,29.7
2022/7/109:00:00AM,30.7,30.86,30.8,30.8,30.8
2022/7/110:00:00AM,31.6,31.42,31,31,31
2022/7/111:00:00AM,31.7,31.92,32.1,32.1,32.1
2022/7/112:00:00PM,31.6,32.05,32.6,32.6,32.6
2022/7/101:00:00PM,32,32.04,32.4,32.4,32.4
2022/7/102:00:00PM,32.1,32.34,32.7,32.7,32.7
2022/7/103:00:00PM,31.5,32.1,31.8,31.8,31.8
2022/7/104:00:00PM,31.3,31.39,29.2,29.2,29.2
2022/7/105:00:00PM,27.7,27.66,27,27,27
2022/7/106:00:00PM,25.7,25.98,26.6,26.6,26.6
2022/7/107:00:00PM,25.5,25.54,26.6,26.6,26.6
2022/7/108:00:00PM,26.2,25.75,26.1,26.1,26.1
2022/7/109:00:00PM,26.5,25.91,27.2,27.2,27.2
2022/7/110:00:00PM,26.5,26.22,26.8,26.8,26.8
2022/7/111:00:00PM,26.7,26.46,26.9,26.9,26.9
2022/7/212:00:00AM,26.6,26.51,27.1,27.1,27.1
2022/7/201:00:00AM,26.1,26.34,26.1,26.1,26.1
2022/7/202:00:00AM,26.1,26.28,26,26,26
2022/7/203:00:00AM,26.12,26.12,25.9,25.9,25.9
2022/7/204:00:00AM,26.15,26.15,25.8,25.8,25.8
2022/7/205:00:00AM,26.1,26.22,26.1,26.1,26.1
2022/7/206:00:00AM,26.4,26.56,26.4,26.4,26.4
2022/7/207:00:00AM,27.2,27.33,27.4,27.4,27.4
2022/7/208:00:00AM,28.1,28.52,28.3,28.3,28.3
2022/7/209:00:00AM,29.2,29.59,29.2,29.2,29.2
2022/7/210:00:00AM,30,29.94,30.4,30.4,30.4
2022/7/211:00:00AM,30,30.03,30.7,30.7,30.7
2022/7/212:00:00PM,30.8,30.35,31.2,31.2,31.2
2022/7/201:00:00PM,31.1,30.77,29.3,29.3,29.3
2022/7/202:00:00PM,30.8,30.35,31.2,31.2,31.2
2022/7/203:00:00PM,30.3,30.02,30.5,30.5,30.5
2022/7/204:00:00PM,29.8,29.61,30.1,30.1,30.1
2022/7/205:00:00PM,28.8,28.86,29,29,29
2022/7/206:00:00PM,28.6,28.59,28.6,28.6,28.6
2022/7/207:00:00PM,28.7,28.7,28.6,28.6,28.6
2022/7/208:00:00PM,27.1,27.35,28.3,28.3,28.3
2022/7/209:00:00PM,26.3,26.09,25.9,25.9,25.9
2022/7/210:00:00PM,25.9,25.68,25.5,25.5,25.5
2022/7/211:00:00PM,25.9,25.99,25.7,25.7,25.7
2022/7/312:00:00AM,25.7,25.85,25.5,25.5,25.5
2022/7/301:00:00AM,25.6,25.81,25.6,25.6,25.6
2022/7/302:00:00AM,26,25.91,25.7,25.7,25.7
2022/7/303:00:00AM,26.2,26.15,26.1,26.1,26.1
2022/7/304:00:00AM,26.6,26.55,26.6,26.6,26.6
2022/7/305:00:00AM,25.7,25.83,25.8,25.8,25.8
2022/7/306:00:00AM,26.4,26.21,26.4,26.4,26.4
2022/7/307:00:00AM,26.3,26.36,26.6,26.6,26.6
2022/7/308:00:00AM,26.2,26.24,26,26,26
2022/7/309:00:00AM,26.1,26.28,26.1,26.1,26.1
2022/7/310:00:00AM,26.8,27.36,26.7,26.7,26.7
2022/7/311:00:00AM,28,28.43,27.9,27.9,27.9
2022/7/312:00:00PM,30.3,29.88,30.1,30.1,30.1
2022/7/301:00:00PM,31.5,30.85,31,31,31
2022/7/302:00:00PM,31.7,31.17,31.9,31.9,31.9
2022/7/303:00:00PM,31.4,30.66,31.9,31.9,31.9
2022/7/304:00:00PM,31.2,30.41,31.7,31.7,31.7
2022/7/305:00:00PM,30.6,30.09,30.9,30.9,30.9
2022/7/306:00:00PM,29.5,29.31,29.8,29.8,29.8
2022/7/307:00:00PM,27.2,26.74,27.9,27.9,27.9
2022/7/308:00:00PM,28.3,27.61,28.6,28.6,28.6
2022/7/309:00:00PM,28.5,28.21,28.9,28.9,28.9
2022/7/310:00:00PM,28.5,28.54,28.8,28.8,28.8
2022/7/311:00:00PM,28.4,27.75,28.5,28.5,28.5
2022/7/412:00:00AM,26.2,26.1,27.2,27.2,27.2
2022/7/401:00:00AM,26.4,26.18,26.4,26.4,26.4
2022/7/402:00:00AM,26.7,26.55,26.8,26.8,26.8
2022/7/403:00:00AM,27,27.02,27.2,27.2,27.2
2022/7/404:00:00AM,26.8,26.94,26.9,26.9,26.9
2022/7/405:00:00AM,26.7,26.91,27,27,27
2022/7/406:00:00AM,27.2,27.48,27.5,27.5,27.5
2022/7/407:00:00AM,28.6,29.05,28.4,28.4,28.4
2022/7/408:00:00AM,29.7,30.31,29.7,29.7,29.7
2022/7/409:00:00AM,30,30.27,30.9,30.9,30.9
2022/7/410:00:00AM,29.9,29.82,30.9,30.9,30.9
2022/7/411:00:00AM,31.3,30.35,32,32,32
2022/7/412:00:00PM,30,30,30.7,30.7,30.7
2022/7/401:00:00PM,30.4,30.27,29.7,29.7,29.7
2022/7/402:00:00PM,30.1,30.4,30.1,30.1,30.1
2022/7/403:00:00PM,29.4,29.55,29.3,29.3,29.3
2022/7/404:00:00PM,28.2,28.55,28,28,28
2022/7/405:00:00PM,28.9,29.08,28.8,28.8,28.8
2022/7/406:00:00PM,28,28.22,28.4,28.4,28.4
2022/7/407:00:00PM,27.8,27.72,27.9,27.9,27.9
2022/7/408:00:00PM,26.1,26.18,26.8,26.8,26.8
2022/7/409:00:00PM,26.5,26.03,26.8,26.8,26.8
2022/7/410:00:00PM,26.7,26.58,27.1,27.1,27.1
2022/7/411:00:00PM,26.6,26.88,27.1,27.1,27.1
2022/7/512:00:00AM,26.9,27.16,26.8,26.8,26.8
2022/7/501:00:00AM,27.1,27.29,27.1,27.1,27.1
2022/7/502:00:00AM,27,27.57,27.5,27.5,27.5
2022/7/503:00:00AM,27.1,27.59,27.4,27.4,27.4
2022/7/504:00:00AM,27.3,27.62,27.5,27.5,27.5
2022/7/505:00:00AM,27.2,27.73,27.4,27.4,27.4
2022/7/506:00:00AM,27.7,27.92,27.5,27.5,27.5
2022/7/507:00:00AM,25.8,26.14,26.2,26.2,26.2
2022/7/508:00:00AM,26.6,26.89,27.1,27.1,27.1
2022/7/509:00:00AM,28.6,29.31,28.7,28.7,28.7
2022/7/510:00:00AM,27.2,27.26,29,29,29
2022/7/511:00:00AM,29.8,27.55,29.6,29.6,29.6
2022/7/512:00:00PM,25.5,25.7,25.8,25.8,25.8
2022/7/501:00:00PM,25.8,25.85,25.8,25.8,25.8
2022/7/502:00:00PM,26.1,26.56,25.8,25.8,25.8
2022/7/503:00:00PM,26.9,27.2,27,27,27
2022/7/504:00:00PM,27.3,27.52,27.2,27.2,27.2
2022/7/505:00:00PM,27.6,27.83,27.7,27.7,27.7
2022/7/506:00:00PM,27.9,27.8,27.9,27.9,27.9
2022/7/507:00:00PM,27.8,27.91,28.2,28.2,28.2
2022/7/508:00:00PM,27.3,27.72,27.6,27.6,27.6
2022/7/509:00:00PM,27.3,27.65,27.6,27.6,27.6
2022/7/510:00:00PM,27.2,27.47,27.4,27.4,27.4
2022/7/511:00:00PM,27,27.45,27.1,27.1,27.1
2022/7/612:00:00AM,27.1,27.58,27.1,27.1,27.1
2022/7/601:00:00AM,27.3,27.41,26.7,26.7,26.7
2022/7/602:00:00AM,26.7,26.89,26.5,26.5,26.5
2022/7/603:00:00AM,26.3,26.68,26.4,26.4,26.4
2022/7/604:00:00AM,26.4,26.82,26.5,26.5,26.5
2022/7/605:00:00AM,26.6,26.92,26.6,26.6,26.6
2022/7/606:00:00AM,27,27.65,26.8,26.8,26.8
2022/7/607:00:00AM,27.3,28.1,27.4,27.4,27.4
2022/7/608:00:00AM,29.6,30.51,29.3,29.3,29.3
2022/7/609:00:00AM,27.5,28.61,28.4,28.4,28.4
2022/7/610:00:00AM,30.7,30.67,31.2,31.2,31.2
2022/7/611:00:00AM,30.9,30.71,31.6,31.6,31.6
2022/7/612:00:00PM,31.5,30.96,32.2,32.2,32.2
2022/7/601:00:00PM,31.4,30.81,32.3,32.3,32.3
2022/7/602:00:00PM,30.9,30.82,31.6,31.6,31.6
2022/7/603:00:00PM,30.9,30.64,31.7,31.7,31.7
2022/7/604:00:00PM,30.9,30.33,31.6,31.6,31.6
2022/7/605:00:00PM,29.7,29.69,30.8,30.8,30.8
2022/7/606:00:00PM,29.5,29.47,30.1,30.1,30.1
2022/7/607:00:00PM,29.2,29.37,29.4,29.4,29.4
2022/7/608:00:00PM,29.2,29.18,29.2,29.2,29.2
2022/7/609:00:00PM,29,28.97,29,29,29
2022/7/610:00:00PM,28.6,28.7,28.7,28.7,28.7
2022/7/611:00:00PM,28.2,28.43,28.4,28.4,28.4
2022/7/712:00:00AM,28,28.32,28,28,28
2022/7/701:00:00AM,28.7,28.49,28,28,28
2022/7/702:00:00AM,28.8,28.86,28.1,28.1,28.1
2022/7/703:00:00AM,28.8,28.84,28.2,28.2,28.2
2022/7/704:00:00AM,28.9,28.9,27.8,27.8,27.8
2022/7/705:00:00AM,28.9,27.82,27.2,27.2,27.2
2022/7/706:00:00AM,27.8,27.64,27.5,27.5,27.5
2022/7/707:00:00AM,29.3,29.76,28.4,28.4,28.4
2022/7/708:00:00AM,30.8,30.22,29.8,29.8,29.8
2022/7/709:00:00AM,30.9,30.43,30.9,30.9,30.9
2022/7/710:00:00AM,31.3,30.69,31.9,31.9,31.9
2022/7/711:00:00AM,31.9,30.74,32.5,32.5,32.5
2022/7/712:00:00PM,31.6,31.1,33,33,33
2022/7/701:00:00PM,31.3,31.17,32.3,32.3,32.3
2022/7/702:00:00PM,31.7,31.59,32.3,32.3,32.3
2022/7/703:00:00PM,32,31.52,31.7,31.7,31.7
2022/7/704:00:00PM,31.3,31.2,31.3,31.3,31.3
2022/7/705:00:00PM,31.5,30.98,31.4,31.4,31.4
2022/7/706:00:00PM,30.7,30.81,31,31,31
2022/7/707:00:00PM,30.1,30.03,29.7,29.7,29.7
2022/7/708:00:00PM,28.9,28.9,29.3,29.3,29.3
2022/7/709:00:00PM,28.2,28.73,29,29,29
2022/7/710:00:00PM,28.6,28.74,29,29,29
2022/7/711:00:00PM,28.2,28.62,28.8,28.8,28.8
2022/7/812:00:00AM,28.2,28.66,28.7,28.7,28.7
2022/7/801:00:00AM,28.4,28.63,28.7,28.7,28.7
2022/7/802:00:00AM,28.1,28.38,28.5,28.5,28.5
2022/7/803:00:00AM,28.1,28.03,28.4,28.4,28.4
2022/7/804:00:00AM,27.9,28.07,28.1,28.1,28.1
2022/7/805:00:00AM,27.8,28.04,28.2,28.2,28.2
2022/7/806:00:00AM,28.4,28.91,28.3,28.3,28.3
2022/7/807:00:00AM,29.2,29.99,28.7,28.7,28.7
2022/7/808:00:00AM,29.8,30.78,30.2,30.2,30.2
2022/7/809:00:00AM,30.9,31.35,30.8,30.8,30.8
2022/7/810:00:00AM,32.1,32.27,31.7,31.7,31.7
2022/7/811:00:00AM,31.6,32.53,32,32,32
2022/7/812:00:00PM,33.1,32.06,31.7,31.7,31.7
2022/7/801:00:00PM,32.8,32.42,32.4,32.4,32.4
2022/7/802:00:00PM,33.4,32.64,33.1,33.1,33.1
2022/7/803:00:00PM,32.3,32.75,32.4,32.4,32.4
2022/7/804:00:00PM,31.3,30.67,31.5,31.5,31.5
2022/7/805:00:00PM,28.5,28.72,28.8,28.8,28.8
2022/7/806:00:00PM,29,28.93,28.4,28.4,28.4
2022/7/807:00:00PM,28.8,28.93,28.8,28.8,28.8
2022/7/808:00:00PM,29,29.09,29.4,29.4,29.4
2022/7/809:00:00PM,29.1,29.51,29.5,29.5,29.5
2022/7/810:00:00PM,29.4,29.5,29.3,29.3,29.3
2022/7/811:00:00PM,29.2,29.31,29.2,29.2,29.2
2022/7/912:00:00AM,29,29.01,29.1,29.1,29.1
2022/7/901:00:00AM,28.7,28.93,28.5,28.5,28.5
2022/7/902:00:00AM,28.3,28.24,28,28,28
2022/7/903:00:00AM,28.2,28.16,27.8,27.8,27.8
2022/7/904:00:00AM,28.1,27.82,27.5,27.5,27.5
2022/7/905:00:00AM,28,27.69,27.9,27.9,27.9
2022/7/906:00:00AM,28.1,28.24,27.9,27.9,27.9
2022/7/907:00:00AM,30,30.1,28.2,28.2,28.2
2022/7/908:00:00AM,31.2,31.5,29.7,29.7,29.7
2022/7/909:00:00AM,31.8,31.4,31.1,31.1,31.1
2022/7/910:00:00AM,31.2,31.15,32.9,32.9,32.9
2022/7/911:00:00AM,31.9,31.3,32.1,32.1,32.1
2022/7/912:00:00PM,32.1,31.69,32.1,32.1,32.1
2022/7/901:00:00PM,32.1,31.59,32.6,32.6,32.6
2022/7/902:00:00PM,32.8,31.87,32.2,32.2,32.2
2022/7/903:00:00PM,32.4,31.85,32.2,32.2,32.2
2022/7/904:00:00PM,31.5,31.26,32.2,32.2,32.2
2022/7/905:00:00PM,31.9,30.99,31.7,31.7,31.7
2022/7/906:00:00PM,31,30.5,31.1,31.1,31.1
2022/7/907:00:00PM,30.2,30.09,30.6,30.6,30.6
2022/7/908:00:00PM,30,29.99,30.4,30.4,30.4
2022/7/909:00:00PM,30,30.02,30.3,30.3,30.3
2022/7/910:00:00PM,30,30.03,30.2,30.2,30.2
2022/7/911:00:00PM,29.7,29.81,30,30,30
2022/7/1012:00:00AM,29.6,29.57,29.7,29.7,29.7
2022/7/1001:00:00AM,29.3,29.5,29.4,29.4,29.4
2022/7/1002:00:00AM,29.4,29.6,29.5,29.5,29.5
2022/7/1003:00:00AM,29.4,29.49,29.2,29.2,29.2
2022/7/1004:00:00AM,28.7,29.01,28.7,28.7,28.7
2022/7/1005:00:00AM,28.3,28.6,28.5,28.5,28.5
2022/7/1006:00:00AM,28.6,29.16,28.2,28.2,28.2
2022/7/1007:00:00AM,29.8,30.14,29.2,29.2,29.2
2022/7/1008:00:00AM,31.3,31.8,30.2,30.2,30.2
2022/7/1009:00:00AM,32.2,31.99,31.7,31.7,31.7
2022/7/1010:00:00AM,32.1,31.44,33.3,33.3,33.3
2022/7/1011:00:00AM,32.3,31.5,32.9,32.9,32.9
2022/7/1012:00:00PM,31.9,31.25,31.9,31.9,31.9
2022/7/1001:00:00PM,31.6,31.37,31.8,31.8,31.8
2022/7/1002:00:00PM,31.5,31.21,31.9,31.9,31.9
2022/7/1003:00:00PM,31.8,31.43,31.4,31.4,31.4
2022/7/1004:00:00PM,31.4,31.13,31.6,31.6,31.6
2022/7/1005:00:00PM,31,30.5,30.6,30.6,30.6
2022/7/1006:00:00PM,30.2,30.19,30.3,30.3,30.3
2022/7/1007:00:00PM,30,29.95,30.1,30.1,30.1
2022/7/1008:00:00PM,29.9,29.81,30.1,30.1,30.1
2022/7/1009:00:00PM,29.8,29.82,29.9,29.9,29.9
2022/7/1010:00:00PM,29.8,29.81,30,30,30
2022/7/1011:00:00PM,29.5,29.74,29.8,29.8,29.8
2022/7/1112:00:00AM,29.5,29.62,29.6,29.6,29.6
2022/7/1101:00:00AM,29.3,29.43,29.2,29.2,29.2
2022/7/1102:00:00AM,29.2,29.28,29.1,29.1,29.1
2022/7/1103:00:00AM,28.9,29.08,28.7,28.7,28.7
2022/7/1104:00:00AM,28.4,28.68,28.3,28.3,28.3
2022/7/1105:00:00AM,28,28.33,28.4,28.4,28.4
2022/7/1106:00:00AM,28.6,29.36,28.2,28.2,28.2
2022/7/1107:00:00AM,30.2,30.69,29.2,29.2,29.2
2022/7/1108:00:00AM,30.5,30.36,30.1,30.1,30.1
2022/7/1109:00:00AM,30.9,30.99,31,31,31
2022/7/1110:00:00AM,31.7,31.2,31.7,31.7,31.7
2022/7/1111:00:00AM,31.7,31.12,32.4,32.4,32.4
2022/7/1112:00:00PM,31.7,31.4,32.3,32.3,32.3
2022/7/1101:00:00PM,32,31.35,32.6,32.6,32.6
2022/7/1102:00:00PM,31.9,31.34,32.8,32.8,32.8
2022/7/1103:00:00PM,31.9,31.42,31.7,31.7,31.7
2022/7/1104:00:00PM,31.5,31.3,30.9,30.9,30.9
2022/7/1105:00:00PM,30.9,30.69,31.3,31.3,31.3
2022/7/1106:00:00PM,30.4,30.2,30.5,30.5,30.5
2022/7/1107:00:00PM,30.2,30.02,30.4,30.4,30.4
2022/7/1108:00:00PM,30,29.96,30.4,30.4,30.4
2022/7/1109:00:00PM,29.8,29.92,30.1,30.1,30.1
2022/7/1110:00:00PM,29.8,29.84,29.9,29.9,29.9
2022/7/1111:00:00PM,29.7,29.75,29.9,29.9,29.9
2022/7/1212:00:00AM,29.7,29.73,29.9,29.9,29.9
2022/7/1201:00:00AM,29.4,29.52,29.6,29.6,29.6
2022/7/1202:00:00AM,29.2,29.37,29.4,29.4,29.4
2022/7/1203:00:00AM,29.3,29.33,29.4,29.4,29.4
2022/7/1204:00:00AM,29.2,29.33,29.3,29.3,29.3
2022/7/1205:00:00AM,29.1,29.01,28.9,28.9,28.9
2022/7/1206:00:00AM,28.3,29.04,28.6,28.6,28.6
2022/7/1207:00:00AM,29.6,30.78,29.4,29.4,29.4
2022/7/1208:00:00AM,30.7,30.83,29.8,29.8,29.8
2022/7/1209:00:00AM,31.6,30.99,31.6,31.6,31.6
2022/7/1210:00:00AM,32.2,31.44,32.5,32.5,32.5
2022/7/1211:00:00AM,32.1,31.45,32.5,32.5,32.5
2022/7/1212:00:00PM,31.8,31.64,32.7,32.7,32.7
2022/7/1201:00:00PM,32.5,31.78,32.1,32.1,32.1
2022/7/1202:00:00PM,32.4,31.73,32,32,32
2022/7/1203:00:00PM,31.3,32.1,31.7,31.7,31.7
2022/7/1204:00:00PM,32.2,32.52,32.3,32.3,32.3
2022/7/1205:00:00PM,31.2,31.41,31.4,31.4,31.4
2022/7/1206:00:00PM,30.9,30.71,31,31,31
2022/7/1207:00:00PM,30.1,30.28,30.6,30.6,30.6
2022/7/1208:00:00PM,30,29.99,30.5,30.5,30.5
2022/7/1209:00:00PM,29.9,29.68,30.3,30.3,30.3
2022/7/1210:00:00PM,29.9,29.68,30.2,30.2,30.2
2022/7/1211:00:00PM,29.7,29.7,30.2,30.2,30.2
2022/7/1312:00:00AM,29.6,29.52,29.8,29.8,29.8
2022/7/1301:00:00AM,29.3,29.38,29.5,29.5,29.5
2022/7/1302:00:00AM,29.1,29.24,29.4,29.4,29.4
2022/7/1303:00:00AM,29.1,29.3,29.3,29.3,29.3
2022/7/1304:00:00AM,29.1,29.53,29.4,29.4,29.4
2022/7/1305:00:00AM,29.2,29.56,29.4,29.4,29.4
2022/7/1306:00:00AM,29,29.38,29,29,29
2022/7/1307:00:00AM,29.2,29.69,29.4,29.4,29.4
2022/7/1308:00:00AM,29.9,30.23,30.1,30.1,30.1
2022/7/1309:00:00AM,29.5,30.07,30.4,30.4,30.4
2022/7/1310:00:00AM,31.2,30.74,31.2,31.2,31.2
2022/7/1311:00:00AM,31.2,31.2,31.2,31.2,31.2
2022/7/1312:00:00PM,31.9,31.58,32.1,32.1,32.1
2022/7/1301:00:00PM,32.5,31.62,32.6,32.6,32.6
2022/7/1302:00:00PM,32.4,31.75,32.1,32.1,32.1
2022/7/1303:00:00PM,32.2,31.59,32.4,32.4,32.4
2022/7/1304:00:00PM,31.6,31.17,31.6,31.6,31.6
2022/7/1305:00:00PM,31.2,30.5,31.2,31.2,31.2
2022/7/1306:00:00PM,30.5,30.15,30.7,30.7,30.7
2022/7/1307:00:00PM,29.9,29.79,30,30,30
2022/7/1308:00:00PM,29.6,29.69,29.9,29.9,29.9
2022/7/1309:00:00PM,29.8,29.83,30,30,30
2022/7/1310:00:00PM,29.6,29.77,30,30,30
2022/7/1311:00:00PM,29.6,29.61,29.9,29.9,29.9
2022/7/1412:00:00AM,29.3,29.52,29.6,29.6,29.6
2022/7/1401:00:00AM,28.9,29.34,29.5,29.5,29.5
2022/7/1402:00:00AM,28.9,29.17,29.6,29.6,29.6
2022/7/1403:00:00AM,28.9,29.21,29.2,29.2,29.2
2022/7/1404:00:00AM,29,29.17,29.5,29.5,29.5
2022/7/1405:00:00AM,28.8,29.11,29.1,29.1,29.1
2022/7/1406:00:00AM,28.9,29.31,29.4,29.4,29.4
2022/7/1407:00:00AM,30,30.31,29.5,29.5,29.5
2022/7/1408:00:00AM,31.1,31.49,30.4,30.4,30.4
2022/7/1409:00:00AM,32.2,32.27,31.2,31.2,31.2
2022/7/1410:00:00AM,31.6,31.21,32.3,32.3,32.3
2022/7/1411:00:00AM,30.9,30.37,32,32,32
2022/7/1412:00:00PM,28.1,28.32,29.1,29.1,29.1
2022/7/1401:00:00PM,29.5,29.65,29.8,29.8,29.8
2022/7/1402:00:00PM,29.8,29.48,29.4,29.4,29.4
2022/7/1403:00:00PM,29.7,29.62,29.7,29.7,29.7
2022/7/1404:00:00PM,29.6,29.99,29.1,29.1,29.1
2022/7/1405:00:00PM,29.8,29.97,30.2,30.2,30.2
2022/7/1406:00:00PM,29.5,29.78,30.5,30.5,30.5
2022/7/1407:00:00PM,29.4,29.47,29.8,29.8,29.8
2022/7/1408:00:00PM,29.2,29.44,29.6,29.6,29.6
2022/7/1409:00:00PM,29.1,29.3,29.4,29.4,29.4
2022/7/1410:00:00PM,29,29.3,28.8,28.8,28.8
2022/7/1411:00:00PM,28.5,28.77,28.8,28.8,28.8
2022/7/1512:00:00AM,28.7,28.65,28.7,28.7,28.7
2022/7/1501:00:00AM,28.9,28.54,29,29,29
2022/7/1502:00:00AM,27.8,27.25,27.3,27.3,27.3
2022/7/1503:00:00AM,27.1,26.93,26.9,26.9,26.9
2022/7/1504:00:00AM,27,26.81,26.6,26.6,26.6
2022/7/1505:00:00AM,26.4,25.88,26.1,26.1,26.1
2022/7/1506:00:00AM,26.4,26.11,26,26,26
2022/7/1507:00:00AM,26.9,26.62,26.2,26.2,26.2
2022/7/1508:00:00AM,27.1,27.21,26.7,26.7,26.7
2022/7/1509:00:00AM,27.8,28.05,27.3,27.3,27.3
2022/7/1510:00:00AM,29.4,29.48,29.2,29.2,29.2
2022/7/1511:00:00AM,30,30.19,29.6,29.6,29.6
2022/7/1512:00:00PM,31.1,31.14,30,30,30
2022/7/1501:00:00PM,31.6,29.52,29.1,29.1,29.1
2022/7/1502:00:00PM,26.4,26.97,27.3,27.3,27.3
2022/7/1503:00:00PM,30.5,29.81,29,29,29
2022/7/1504:00:00PM,30.5,29.74,29.3,29.3,29.3
2022/7/1505:00:00PM,30.7,29.99,30,30,30
2022/7/1506:00:00PM,30.3,29.51,29.8,29.8,29.8
2022/7/1507:00:00PM,29.8,29.11,30,30,30
2022/7/1508:00:00PM,29.4,29.01,29.7,29.7,29.7
2022/7/1509:00:00PM,28.9,29.02,29.2,29.2,29.2
2022/7/1510:00:00PM,29.2,29.09,29.2,29.2,29.2
2022/7/1511:00:00PM,29.1,28.99,29.3,29.3,29.3
2022/7/1612:00:00AM,28.7,28.87,28.8,28.8,28.8
2022/7/1601:00:00AM,28.4,28.8,28.7,28.7,28.7
2022/7/1602:00:00AM,28.3,28.63,28.3,28.3,28.3
2022/7/1603:00:00AM,28.1,28.47,28.1,28.1,28.1
2022/7/1604:00:00AM,28,28.31,28.1,28.1,28.1
2022/7/1605:00:00AM,27.7,27.92,28,28,28
2022/7/1606:00:00AM,28,28.2,27.9,27.9,27.9
2022/7/1607:00:00AM,28.4,29.06,28.2,28.2,28.2
2022/7/1608:00:00AM,30.5,30.81,29.9,29.9,29.9
2022/7/1609:00:00AM,31.3,28.82,31.1,31.1,31.1
2022/7/1610:00:00AM,24.9,24.95,25.7,25.7,25.7
2022/7/1611:00:00AM,26.8,26.98,28.3,28.3,28.3
2022/7/1612:00:00PM,29.2,28.12,29.8,29.8,29.8
2022/7/1601:00:00PM,29.6,29.41,30.7,30.7,30.7
2022/7/1602:00:00PM,30.7,30.48,31,31,31
2022/7/1603:00:00PM,30.2,29.85,30.8,30.8,30.8
2022/7/1604:00:00PM,29.9,29.78,29.4,29.4,29.4
2022/7/1605:00:00PM,30.4,30.17,30.5,30.5,30.5
2022/7/1606:00:00PM,30,29.78,30.3,30.3,30.3
2022/7/1607:00:00PM,29.6,29.3,29.8,29.8,29.8
2022/7/1608:00:00PM,29.2,29.22,29.6,29.6,29.6
2022/7/1609:00:00PM,29,29.07,29.2,29.2,29.2
2022/7/1610:00:00PM,28.6,28.93,28.9,28.9,28.9
2022/7/1611:00:00PM,28.5,28.89,28.9,28.9,28.9
2022/7/1712:00:00AM,28.3,28.79,28.9,28.9,28.9
2022/7/1701:00:00AM,28.3,28.75,28.7,28.7,28.7
2022/7/1702:00:00AM,28.3,28.68,28.7,28.7,28.7
2022/7/1703:00:00AM,28.1,28.64,28.5,28.5,28.5
2022/7/1704:00:00AM,28,28.42,28.4,28.4,28.4
2022/7/1705:00:00AM,28.1,28.37,28.2,28.2,28.2
2022/7/1706:00:00AM,28,27.97,28.1,28.1,28.1
2022/7/1707:00:00AM,27.3,27.18,28,28,28
2022/7/1708:00:00AM,28.7,28.07,28.4,28.4,28.4
2022/7/1709:00:00AM,29.1,29.87,28.3,28.3,28.3
2022/7/1710:00:00AM,27,27.2,30.6,30.6,30.6
2022/7/1711:00:00AM,27.9,28.15,27.5,27.5,27.5
2022/7/1712:00:00PM,31.3,30.56,30.9,30.9,30.9
2022/7/1701:00:00PM,31,30.88,31.3,31.3,31.3
2022/7/1702:00:00PM,31,30.74,31.6,31.6,31.6
2022/7/1703:00:00PM,31.2,30.55,30.7,30.7,30.7
2022/7/1704:00:00PM,30.5,30,31.4,31.4,31.4
2022/7/1705:00:00PM,29.8,29.57,30.6,30.6,30.6
2022/7/1706:00:00PM,29.6,29.52,30.3,30.3,30.3
2022/7/1707:00:00PM,29.2,29.13,30,30,30
2022/7/1708:00:00PM,29.2,29.16,29.7,29.7,29.7
2022/7/1709:00:00PM,29.3,29.1,29.4,29.4,29.4
2022/7/1710:00:00PM,29.1,29.1,29.5,29.5,29.5
2022/7/1711:00:00PM,28.9,29.13,29.1,29.1,29.1
2022/7/1812:00:00AM,28.7,28.95,28.7,28.7,28.7
2022/7/1801:00:00AM,28.5,28.67,28.5,28.5,28.5
2022/7/1802:00:00AM,28.1,28.33,28,28,28
2022/7/1803:00:00AM,27.4,27.86,27.9,27.9,27.9
2022/7/1804:00:00AM,27.3,27.85,27.5,27.5,27.5
2022/7/1805:00:00AM,27.3,27.85,27.7,27.7,27.7
2022/7/1806:00:00AM,27.5,28.18,27.8,27.8,27.8
2022/7/1807:00:00AM,28.4,29.31,28.5,28.5,28.5
2022/7/1808:00:00AM,29.9,31.04,29.6,29.6,29.6
2022/7/1809:00:00AM,30.7,30.95,30.7,30.7,30.7
2022/7/1810:00:00AM,30.5,30.56,31,31,31
2022/7/1811:00:00AM,31.8,31.01,31.2,31.2,31.2
2022/7/1812:00:00PM,31.9,31.34,31.6,31.6,31.6
2022/7/1801:00:00PM,30.5,30.61,30.7,30.7,30.7
2022/7/1802:00:00PM,31.6,30.95,32.6,32.6,32.6
2022/7/1803:00:00PM,31.6,31.21,32.6,32.6,32.6
2022/7/1804:00:00PM,31,30.99,31.3,31.3,31.3
2022/7/1805:00:00PM,30.7,30.2,30.7,30.7,30.7
2022/7/1806:00:00PM,30.3,30.02,30.3,30.3,30.3
2022/7/1807:00:00PM,29.8,29.68,30.2,30.2,30.2
2022/7/1808:00:00PM,29.9,29.72,30.1,30.1,30.1
2022/7/1809:00:00PM,29.7,29.68,29.7,29.7,29.7
2022/7/1810:00:00PM,29.6,29.53,29.7,29.7,29.7
2022/7/1811:00:00PM,29.5,29.47,29.3,29.3,29.3
2022/7/1912:00:00AM,29.3,29.3,29.3,29.3,29.3
2022/7/1901:00:00AM,29.2,29.21,29.1,29.1,29.1
2022/7/1902:00:00AM,28.9,29.13,28.8,28.8,28.8
2022/7/1903:00:00AM,28.4,28.69,28.5,28.5,28.5
2022/7/1904:00:00AM,28.2,28.48,28.4,28.4,28.4
2022/7/1905:00:00AM,28,28.21,27.9,27.9,27.9
2022/7/1906:00:00AM,28,28.8,28.1,28.1,28.1
2022/7/1907:00:00AM,29.2,30.05,29,29,29
2022/7/1908:00:00AM,30.3,30.77,30.2,30.2,30.2
2022/7/1909:00:00AM,30.5,30.73,31.3,31.3,31.3
2022/7/1910:00:00AM,31.1,30.92,31.6,31.6,31.6
2022/7/1911:00:00AM,31.2,31.11,32.1,32.1,32.1
2022/7/1912:00:00PM,31.9,31.25,32,32,32
2022/7/1901:00:00PM,31.7,31.66,31.8,31.8,31.8
2022/7/1902:00:00PM,32.1,31.64,32.3,32.3,32.3
2022/7/1903:00:00PM,31.8,31.32,31.9,31.9,31.9
2022/7/1904:00:00PM,31.3,31.21,32.3,32.3,32.3
2022/7/1905:00:00PM,30.9,30.78,31.1,31.1,31.1
2022/7/1906:00:00PM,30.2,30.3,30.5,30.5,30.5
2022/7/1907:00:00PM,30,29.91,30.3,30.3,30.3
2022/7/1908:00:00PM,30,29.89,30.4,30.4,30.4
2022/7/1909:00:00PM,30,29.94,30.2,30.2,30.2
2022/7/1910:00:00PM,30,30.03,30.2,30.2,30.2
2022/7/1911:00:00PM,29.9,30.01,30.1,30.1,30.1
2022/7/2012:00:00AM,30,29.74,29.8,29.8,29.8
2022/7/2001:00:00AM,29.4,29.67,29.7,29.7,29.7
2022/7/2002:00:00AM,29.4,29.53,29.7,29.7,29.7
2022/7/2003:00:00AM,29.3,29.57,29.3,29.3,29.3
2022/7/2004:00:00AM,28.7,29.21,28.8,28.8,28.8
2022/7/2005:00:00AM,28.4,28.88,28.8,28.8,28.8
2022/7/2006:00:00AM,28.9,29.02,28.6,28.6,28.6
2022/7/2007:00:00AM,30.1,30.52,29.6,29.6,29.6
2022/7/2008:00:00AM,30.8,31.26,31.6,31.6,31.6
2022/7/2009:00:00AM,31.3,31.39,32.5,32.5,32.5
2022/7/2010:00:00AM,31.5,31.34,32.6,32.6,32.6
2022/7/2011:00:00AM,31.8,31.48,32.8,32.8,32.8
2022/7/2012:00:00PM,32.1,31.55,33.5,33.5,33.5
2022/7/2001:00:00PM,32.1,31.78,33,33,33
2022/7/2002:00:00PM,31.7,31.7,32.7,32.7,32.7
2022/7/2003:00:00PM,31.4,31.55,32.5,32.5,32.5
2022/7/2004:00:00PM,31.4,31.43,31.9,31.9,31.9
2022/7/2005:00:00PM,31.2,31.12,31.2,31.2,31.2
2022/7/2006:00:00PM,30.3,30.5,30.6,30.6,30.6
2022/7/2007:00:00PM,30.2,30.21,30.4,30.4,30.4
2022/7/2008:00:00PM,29.9,29.94,30.4,30.4,30.4
2022/7/2009:00:00PM,29.6,29.83,30,30,30
2022/7/2010:00:00PM,29.5,29.74,29.9,29.9,29.9
2022/7/2011:00:00PM,29.4,29.65,29.9,29.9,29.9
2022/7/2112:00:00AM,29.3,29.47,29.6,29.6,29.6
2022/7/2101:00:00AM,29.1,29.46,29.5,29.5,29.5
2022/7/2102:00:00AM,29,29.36,29.2,29.2,29.2
2022/7/2103:00:00AM,28.8,29.01,29.2,29.2,29.2
2022/7/2104:00:00AM,28.5,28.81,28.9,28.9,28.9
2022/7/2105:00:00AM,28.5,28.67,28.9,28.9,28.9
2022/7/2106:00:00AM,28.7,28.58,28.6,28.6,28.6
2022/7/2107:00:00AM,31.3,30.07,29.2,29.2,29.2
2022/7/2108:00:00AM,30.2,29.95,29.9,29.9,29.9
2022/7/2109:00:00AM,31.6,31.16,31.1,31.1,31.1
2022/7/2110:00:00AM,31.9,31.21,30.8,30.8,30.8
2022/7/2111:00:00AM,31.7,31.34,31.9,31.9,31.9
2022/7/2112:00:00PM,32.2,31.6,31.6,31.6,31.6
2022/7/2101:00:00PM,31.9,31.62,33.1,33.1,33.1
2022/7/2102:00:00PM,32.4,31.61,32.6,32.6,32.6
2022/7/2103:00:00PM,32.4,31.69,32.2,32.2,32.2
2022/7/2104:00:00PM,31.8,31.46,31.9,31.9,31.9
2022/7/2105:00:00PM,31.7,31.22,31.3,31.3,31.3
2022/7/2106:00:00PM,30.9,31.14,30.8,30.8,30.8
2022/7/2107:00:00PM,30.3,30.67,30.4,30.4,30.4
2022/7/2108:00:00PM,30.2,30.5,30.8,30.8,30.8
2022/7/2109:00:00PM,30,30.41,30.4,30.4,30.4
2022/7/2110:00:00PM,29.8,30.09,30.2,30.2,30.2
2022/7/2111:00:00PM,29.7,29.82,30.1,30.1,30.1
2022/7/2212:00:00AM,29.5,29.51,29.8,29.8,29.8
2022/7/2201:00:00AM,29.3,29.42,29.6,29.6,29.6
2022/7/2202:00:00AM,29.1,29.29,29.4,29.4,29.4
2022/7/2203:00:00AM,29,29.28,29.2,29.2,29.2
2022/7/2204:00:00AM,29,29.09,29.1,29.1,29.1
2022/7/2205:00:00AM,28.6,28.85,29,29,29
2022/7/2206:00:00AM,29,28.99,29.1,29.1,29.1
2022/7/2207:00:00AM,30.2,30.13,29.7,29.7,29.7
2022/7/2208:00:00AM,30.6,30.46,30.8,30.8,30.8
2022/7/2209:00:00AM,30.7,31.32,32.1,32.1,32.1
2022/7/2210:00:00AM,31.4,30.94,31.4,31.4,31.4
2022/7/2211:00:00AM,31.9,31.07,32.4,32.4,32.4
2022/7/2212:00:00PM,32,31.34,32.3,32.3,32.3
2022/7/2201:00:00PM,32.4,31.51,32.2,32.2,32.2
2022/7/2202:00:00PM,31.9,31.77,32.1,32.1,32.1
2022/7/2203:00:00PM,32.5,31.7,31.5,31.5,31.5
2022/7/2204:00:00PM,32.1,31.45,31.5,31.5,31.5
2022/7/2205:00:00PM,31.6,31.32,31.6,31.6,31.6
2022/7/2206:00:00PM,31,30.64,30.9,30.9,30.9
2022/7/2207:00:00PM,30.3,30.37,30.5,30.5,30.5
2022/7/2208:00:00PM,30.2,30.2,30.4,30.4,30.4
2022/7/2209:00:00PM,30,30.01,30.3,30.3,30.3
2022/7/2210:00:00PM,29.8,29.88,30.1,30.1,30.1
2022/7/2211:00:00PM,29.8,29.56,30.1,30.1,30.1
2022/7/2312:00:00AM,29.7,29.59,29.9,29.9,29.9
2022/7/2301:00:00AM,29.5,29.53,29.6,29.6,29.6
2022/7/2302:00:00AM,29.3,29.45,29.4,29.4,29.4
2022/7/2303:00:00AM,29,29.28,29.1,29.1,29.1
2022/7/2304:00:00AM,28.7,29.03,28.6,28.6,28.6
2022/7/2305:00:00AM,28.4,28.68,28.7,28.7,28.7
2022/7/2306:00:00AM,29.1,28.88,28.3,28.3,28.3
2022/7/2307:00:00AM,29.7,30.22,29.4,29.4,29.4
2022/7/2308:00:00AM,30.3,30.54,30.6,30.6,30.6
2022/7/2309:00:00AM,30.8,30.87,31.7,31.7,31.7
2022/7/2310:00:00AM,31.1,31.11,31.8,31.8,31.8
2022/7/2311:00:00AM,31.3,31.3,32.7,32.7,32.7
2022/7/2312:00:00PM,31.3,31.38,32.7,32.7,32.7
2022/7/2301:00:00PM,31.8,32.07,32.5,32.5,32.5
2022/7/2302:00:00PM,31.2,31.77,32.4,32.4,32.4
2022/7/2303:00:00PM,32.6,32.22,32,32,32
2022/7/2304:00:00PM,31.5,32.29,32.5,32.5,32.5
2022/7/2305:00:00PM,31.9,31.72,32.2,32.2,32.2
2022/7/2306:00:00PM,31.1,31.19,31.2,31.2,31.2
2022/7/2307:00:00PM,30.1,30.68,30.7,30.7,30.7
2022/7/2308:00:00PM,29.9,30.2,30.2,30.2,30.2
2022/7/2309:00:00PM,29.7,29.93,30.3,30.3,30.3
2022/7/2310:00:00PM,29.5,29.77,30.2,30.2,30.2
2022/7/2311:00:00PM,29.4,29.42,29.8,29.8,29.8
2022/7/2412:00:00AM,29.4,29.29,29.5,29.5,29.5
2022/7/2401:00:00AM,29.3,29.38,29.4,29.4,29.4
2022/7/2402:00:00AM,29.5,29.67,29,29,29
2022/7/2403:00:00AM,29.6,29.64,29.4,29.4,29.4
2022/7/2404:00:00AM,29.6,29.55,29.5,29.5,29.5
2022/7/2405:00:00AM,29.7,29.7,29,29,29
2022/7/2406:00:00AM,29.4,29.71,29,29,29
2022/7/2407:00:00AM,30.3,30.5,29.5,29.5,29.5
2022/7/2408:00:00AM,30.8,30.86,30.4,30.4,30.4
2022/7/2409:00:00AM,31.7,31.85,31.6,31.6,31.6
2022/7/2410:00:00AM,32.1,31.92,31.9,31.9,31.9
2022/7/2411:00:00AM,32.2,31.42,32.4,32.4,32.4
2022/7/2412:00:00PM,32.5,31.8,32.2,32.2,32.2
2022/7/2401:00:00PM,32.8,32.09,33.1,33.1,33.1
2022/7/2402:00:00PM,33.1,32.86,32.8,32.8,32.8
2022/7/2403:00:00PM,32.8,32.69,32.8,32.8,32.8
2022/7/2404:00:00PM,32.3,32.46,32.9,32.9,32.9
2022/7/2405:00:00PM,31.8,31.78,32.5,32.5,32.5
2022/7/2406:00:00PM,31.2,31.38,31.9,31.9,31.9
2022/7/2407:00:00PM,30.4,30.97,30.8,30.8,30.8
2022/7/2408:00:00PM,30.3,30.7,31,31,31
2022/7/2409:00:00PM,30.1,30.3,30.5,30.5,30.5
2022/7/2410:00:00PM,29.9,29.91,30.3,30.3,30.3
2022/7/2411:00:00PM,29.7,29.84,30.1,30.1,30.1
2022/7/2512:00:00AM,29.7,29.73,29.8,29.8,29.8
2022/7/2501:00:00AM,29.8,29.69,30,30,30
2022/7/2502:00:00AM,29.6,29.69,30,30,30
2022/7/2503:00:00AM,29.7,29.57,30.1,30.1,30.1
2022/7/2504:00:00AM,29.7,29.69,29.9,29.9,29.9
2022/7/2505:00:00AM,29.8,29.72,30,30,30
2022/7/2506:00:00AM,29.8,29.9,29.9,29.9,29.9
2022/7/2507:00:00AM,30.3,30.31,30.2,30.2,30.2
2022/7/2508:00:00AM,31.3,30.65,30.4,30.4,30.4
2022/7/2509:00:00AM,31.5,30.83,30.5,30.5,30.5
2022/7/2510:00:00AM,32.3,31.64,31.3,31.3,31.3
2022/7/2511:00:00AM,32.5,32.17,32.1,32.1,32.1
2022/7/2512:00:00PM,32.5,32.05,33.2,33.2,33.2
2022/7/2501:00:00PM,32.5,31.93,32.5,32.5,32.5
2022/7/2502:00:00PM,32.4,32.34,32.9,32.9,32.9
2022/7/2503:00:00PM,32,32.44,33.1,33.1,33.1
2022/7/2504:00:00PM,32,32.29,32.2,32.2,32.2
2022/7/2505:00:00PM,32.1,31.6,31.9,31.9,31.9
2022/7/2506:00:00PM,31.7,31.18,31.4,31.4,31.4
2022/7/2507:00:00PM,30.2,30.65,30.8,30.8,30.8
2022/7/2508:00:00PM,29.9,30.09,30.6,30.6,30.6
2022/7/2509:00:00PM,30,30.13,30.4,30.4,30.4
2022/7/2510:00:00PM,30,29.98,30.2,30.2,30.2
2022/7/2511:00:00PM,30,30.05,30.2,30.2,30.2
2022/7/2612:00:00AM,29.9,29.97,30.1,30.1,30.1
2022/7/2601:00:00AM,29.8,29.86,29.9,29.9,29.9
2022/7/2602:00:00AM,29.7,29.75,29.9,29.9,29.9
2022/7/2603:00:00AM,29.9,29.73,30,30,30
2022/7/2604:00:00AM,29.7,29.66,29.9,29.9,29.9
2022/7/2605:00:00AM,29.6,29.61,29.6,29.6,29.6
2022/7/2606:00:00AM,29.7,29.79,29.7,29.7,29.7
2022/7/2607:00:00AM,30.4,30.25,29.9,29.9,29.9
2022/7/2608:00:00AM,31,30.65,30.4,30.4,30.4
2022/7/2609:00:00AM,31.8,31.41,31.7,31.7,31.7
2022/7/2610:00:00AM,31.7,31.67,32.2,32.2,32.2
2022/7/2611:00:00AM,31.7,31.9,32,32,32
2022/7/2612:00:00PM,32.1,32.14,32.3,32.3,32.3
2022/7/2601:00:00PM,32.3,32.72,31.7,31.7,31.7
2022/7/2602:00:00PM,32.9,32.39,32.8,32.8,32.8
2022/7/2603:00:00PM,32.6,32.27,32.1,32.1,32.1
2022/7/2604:00:00PM,32.5,32.47,32.2,32.2,32.2
2022/7/2605:00:00PM,32.1,31.85,32.8,32.8,32.8
2022/7/2606:00:00PM,30.9,31.58,31.9,31.9,31.9
2022/7/2607:00:00PM,30.3,30.79,30.7,30.7,30.7
2022/7/2608:00:00PM,30.2,30.31,30.1,30.1,30.1
2022/7/2609:00:00PM,29.7,30.04,30.1,30.1,30.1
2022/7/2610:00:00PM,30,29.99,30,30,30
2022/7/2611:00:00PM,29.5,29.8,29.3,29.3,29.3
2022/7/2712:00:00AM,29.1,29.53,29.4,29.4,29.4
2022/7/2701:00:00AM,29.2,29.44,29.3,29.3,29.3
2022/7/2702:00:00AM,29,29.33,29,29,29
2022/7/2703:00:00AM,28.9,29.24,28.8,28.8,28.8
2022/7/2704:00:00AM,28.9,28.98,28.8,28.8,28.8
2022/7/2705:00:00AM,28.9,29,28.7,28.7,28.7
2022/7/2706:00:00AM,29.2,29.32,29.1,29.1,29.1
2022/7/2707:00:00AM,30.1,30.53,29.7,29.7,29.7
2022/7/2708:00:00AM,29.1,30.68,30.6,30.6,30.6
2022/7/2709:00:00AM,28.7,29.05,28.9,28.9,28.9
2022/7/2710:00:00AM,29.9,29.25,29.5,29.5,29.5
2022/7/2711:00:00AM,30.9,31.15,31.8,31.8,31.8
2022/7/2712:00:00PM,31.2,31.72,32.4,32.4,32.4
2022/7/2701:00:00PM,32.1,32.04,32.5,32.5,32.5
2022/7/2702:00:00PM,31.9,32.33,32.9,32.9,32.9
2022/7/2703:00:00PM,32.4,32.35,32.3,32.3,32.3
2022/7/2704:00:00PM,32.1,32.67,32.4,32.4,32.4
2022/7/2705:00:00PM,31.8,31.92,32.2,32.2,32.2
2022/7/2706:00:00PM,31,31.09,31.4,31.4,31.4
2022/7/2707:00:00PM,30.3,30.54,30.7,30.7,30.7
2022/7/2708:00:00PM,30.1,30.34,30.6,30.6,30.6
2022/7/2709:00:00PM,29.7,30.02,29.8,29.8,29.8
2022/7/2710:00:00PM,29.5,29.81,29.1,29.1,29.1
2022/7/2711:00:00PM,28.8,29.23,28.9,28.9,28.9
2022/7/2812:00:00AM,29,29.34,29.3,29.3,29.3
2022/7/2801:00:00AM,29.2,29.19,29.1,29.1,29.1
2022/7/2802:00:00AM,28.9,29.19,28.6,28.6,28.6
2022/7/2803:00:00AM,28.9,29.15,28.9,28.9,28.9
2022/7/2804:00:00AM,28.8,28.79,29,29,29
2022/7/2805:00:00AM,28.7,28.97,29.2,29.2,29.2
2022/7/2806:00:00AM,28.9,29.01,29.2,29.2,29.2
2022/7/2807:00:00AM,29.7,29.92,29.3,29.3,29.3
2022/7/2808:00:00AM,30.3,30.52,30.6,30.6,30.6
2022/7/2809:00:00AM,31.4,31.74,31.8,31.8,31.8
2022/7/2810:00:00AM,31.9,31.95,32.2,32.2,32.2
2022/7/2811:00:00AM,32.5,31.99,32.9,32.9,32.9
2022/7/2812:00:00PM,32.8,32.57,33.1,33.1,33.1
2022/7/2801:00:00PM,32.5,32.73,33.3,33.3,33.3
2022/7/2802:00:00PM,33,32.78,32.9,32.9,32.9
2022/7/2803:00:00PM,32.9,33.1,33,33,33
2022/7/2804:00:00PM,32.9,32.51,32.7,32.7,32.7
2022/7/2805:00:00PM,32.2,31.89,32.7,32.7,32.7
2022/7/2806:00:00PM,31.3,31.26,31.8,31.8,31.8
2022/7/2807:00:00PM,30.6,30.59,31.3,31.3,31.3
2022/7/2808:00:00PM,30.3,30.35,30.7,30.7,30.7
2022/7/2809:00:00PM,30.2,30.07,30.5,30.5,30.5
2022/7/2810:00:00PM,29.9,30.03,30.4,30.4,30.4
2022/7/2811:00:00PM,29.8,29.91,30.3,30.3,30.3
2022/7/2912:00:00AM,29.3,29.72,29.9,29.9,29.9
2022/7/2901:00:00AM,29.2,29.49,29.7,29.7,29.7
2022/7/2902:00:00AM,29.1,29.38,29.5,29.5,29.5
2022/7/2903:00:00AM,29.2,29.29,29.4,29.4,29.4
2022/7/2904:00:00AM,29.2,29.34,29.3,29.3,29.3
2022/7/2905:00:00AM,28.5,28.76,28.9,28.9,28.9
2022/7/2906:00:00AM,28.4,28.7,28.8,28.8,28.8
2022/7/2907:00:00AM,29,29.17,29.2,29.2,29.2
2022/7/2908:00:00AM,29.8,29.91,30.2,30.2,30.2
2022/7/2909:00:00AM,31,30.88,31.4,31.4,31.4
2022/7/2910:00:00AM,32.1,31.75,31.8,31.8,31.8
2022/7/2911:00:00AM,32.1,32.17,33.2,33.2,33.2
2022/7/2912:00:00PM,33,32.61,32.9,32.9,32.9
2022/7/2901:00:00PM,32.5,32.93,33,33,33
2022/7/2902:00:00PM,32,32.53,32.5,32.5,32.5
2022/7/2903:00:00PM,32.6,32.21,32.4,32.4,32.4
2022/7/2904:00:00PM,32,32,32.3,32.3,32.3
2022/7/2905:00:00PM,31.8,31.16,32.3,32.3,32.3
2022/7/2906:00:00PM,31.5,31.27,31.7,31.7,31.7
2022/7/2907:00:00PM,30.7,30.63,31.1,31.1,31.1
2022/7/2908:00:00PM,30.4,30.39,30.5,30.5,30.5
2022/7/2909:00:00PM,30.2,30.24,30.3,30.3,30.3
2022/7/2910:00:00PM,30.1,30.06,30.3,30.3,30.3
2022/7/2911:00:00PM,29.8,29.87,29.8,29.8,29.8
2022/7/3012:00:00AM,29.5,29.56,29.7,29.7,29.7
2022/7/3001:00:00AM,28.8,29.17,29.1,29.1,29.1
2022/7/3002:00:00AM,28.5,28.78,28.9,28.9,28.9
2022/7/3003:00:00AM,28.3,28.53,28.5,28.5,28.5
2022/7/3004:00:00AM,28,28.36,28.3,28.3,28.3
2022/7/3005:00:00AM,28,28.19,28.2,28.2,28.2
2022/7/3006:00:00AM,28.3,28.4,28.3,28.3,28.3
2022/7/3007:00:00AM,29.3,29.22,28.9,28.9,28.9
2022/7/3008:00:00AM,29.8,29.74,29.9,29.9,29.9
2022/7/3009:00:00AM,29.7,29.99,30.9,30.9,30.9
2022/7/3010:00:00AM,30.1,30.26,29.7,29.7,29.7
2022/7/3011:00:00AM,31.5,31.27,31.1,31.1,31.1
2022/7/3012:00:00PM,31.6,31.41,31.4,31.4,31.4
2022/7/3001:00:00PM,31.7,31.23,29.7,29.7,29.7
2022/7/3002:00:00PM,31,30.9,30,30,30
2022/7/3003:00:00PM,31.8,31.1,31.5,31.5,31.5
2022/7/3004:00:00PM,31.8,31.46,31.6,31.6,31.6
2022/7/3005:00:00PM,31.4,31,31.7,31.7,31.7
2022/7/3006:00:00PM,31,30.77,30.4,30.4,30.4
2022/7/3007:00:00PM,29.5,29.33,30.1,30.1,30.1
2022/7/3008:00:00PM,29.9,29.67,30.1,30.1,30.1
2022/7/3009:00:00PM,29.6,30.02,30,30,30
2022/7/3010:00:00PM,29.7,29.81,29.9,29.9,29.9
2022/7/3011:00:00PM,29.6,29.81,29.4,29.4,29.4
2022/7/3112:00:00AM,29.5,29.23,26.4,26.4,26.4
2022/7/3101:00:00AM,25.6,25.88,26,26,26
2022/7/3102:00:00AM,26.8,26.57,27.2,27.2,27.2
2022/7/3103:00:00AM,26.8,27.06,27.4,27.4,27.4
2022/7/3104:00:00AM,26.9,27.02,27.4,27.4,27.4
2022/7/3105:00:00AM,26.8,27.21,27.5,27.5,27.5
2022/7/3106:00:00AM,27.2,27.55,27.6,27.6,27.6
2022/7/3107:00:00AM,28.9,28.69,28.2,28.2,28.2
2022/7/3108:00:00AM,29.2,29.36,29.1,29.1,29.1
2022/7/3109:00:00AM,30.3,30.25,30.5,30.5,30.5
2022/7/3110:00:00AM,31.3,31.42,31.5,31.5,31.5
2022/7/3111:00:00AM,31.9,32.37,32.5,32.5,32.5
2022/7/3112:00:00PM,32.6,32.62,33,33,33
2022/7/3101:00:00PM,31.9,33.35,32.7,32.7,32.7
2022/7/3102:00:00PM,32.2,31.83,32.7,32.7,32.7
2022/7/3103:00:00PM,31.3,31.53,32.1,32.1,32.1
2022/7/3104:00:00PM,31.2,31.23,31.6,31.6,31.6
2022/7/3105:00:00PM,31.2,31.15,31.6,31.6,31.6
2022/7/3106:00:00PM,30.8,30.76,31.2,31.2,31.2
2022/7/3107:00:00PM,30.2,30.26,30.5,30.5,30.5
2022/7/3108:00:00PM,29.9,30.11,30.2,30.2,30.2
2022/7/3109:00:00PM,29.6,29.99,29.9,29.9,29.9
2022/7/3110:00:00PM,29.2,29.75,29.4,29.4,29.4
2022/7/3111:00:00PM,28.8,29.44,29.1,29.1,29.1
2022/8/112:00:00AM,28.9,29.31,29,29,29
2022/8/101:00:00AM,28.8,29.14,29.1,29.1,29.1
2022/8/102:00:00AM,28.8,29.08,28.6,28.6,28.6
2022/8/103:00:00AM,27.2,27.28,28.5,28.5,28.5
2022/8/104:00:00AM,28,27.21,28.2,28.2,28.2
2022/8/105:00:00AM,27.7,26.72,28.2,28.2,28.2
2022/8/106:00:00AM,27.2,27.14,27.2,27.2,27.2
2022/8/107:00:00AM,27.7,27.66,27.9,27.9,27.9
2022/8/108:00:00AM,28.1,27.88,28.8,28.8,28.8
2022/8/109:00:00AM,29.9,29.28,29.7,29.7,29.7
2022/8/110:00:00AM,30.2,29.28,30.9,30.9,30.9
2022/8/111:00:00AM,30.5,30.41,31.8,31.8,31.8
2022/8/112:00:00PM,30.6,30.2,32.3,32.3,32.3
2022/8/101:00:00PM,30.9,30.39,30.6,30.6,30.6
2022/8/102:00:00PM,31.5,30.86,30.9,30.9,30.9
2022/8/103:00:00PM,30.8,30.24,30.6,30.6,30.6
2022/8/104:00:00PM,30.5,30.11,29.4,29.4,29.4
2022/8/105:00:00PM,29.1,28.83,28.4,28.4,28.4
2022/8/106:00:00PM,28.9,28.84,29.2,29.2,29.2
2022/8/107:00:00PM,29.2,28.86,29.1,29.1,29.1
2022/8/108:00:00PM,29.1,28.82,29,29,29
2022/8/109:00:00PM,28.9,29.1,28.9,28.9,28.9
2022/8/110:00:00PM,29,28.84,28.7,28.7,28.7
2022/8/111:00:00PM,28.7,28.72,28.4,28.4,28.4
2022/8/212:00:00AM,28.4,28.73,28.9,28.9,28.9
2022/8/201:00:00AM,28.4,28.44,28.5,28.5,28.5
2022/8/202:00:00AM,28.4,28.32,28.7,28.7,28.7
2022/8/203:00:00AM,28.5,28.34,27.8,27.8,27.8
2022/8/204:00:00AM,28.4,28.27,27.7,27.7,27.7
2022/8/205:00:00AM,27.5,27.79,27.5,27.5,27.5
2022/8/206:00:00AM,26.6,26.76,26.7,26.7,26.7
2022/8/207:00:00AM,26.9,27.03,27.3,27.3,27.3
2022/8/208:00:00AM,28.2,28.03,28.2,28.2,28.2
2022/8/209:00:00AM,27.5,28.1,27.9,27.9,27.9
2022/8/210:00:00AM,24.3,24.99,24.9,24.9,24.9
2022/8/211:00:00AM,24.4,24.92,25,25,25
2022/8/212:00:00PM,24.6,25.05,25.2,25.2,25.2
2022/8/201:00:00PM,25.4,25.51,26.2,26.2,26.2
2022/8/202:00:00PM,26,25.93,27,27,27
2022/8/203:00:00PM,27.1,27.09,27.2,27.2,27.2
2022/8/204:00:00PM,27.4,27.52,27.5,27.5,27.5
2022/8/205:00:00PM,28.2,27.81,28.2,28.2,28.2
2022/8/206:00:00PM,27.5,27.59,28,28,28
2022/8/207:00:00PM,28.2,27.29,28.1,28.1,28.1
2022/8/208:00:00PM,28.5,27.64,28.4,28.4,28.4
2022/8/209:00:00PM,29,28.62,28.6,28.6,28.6
2022/8/210:00:00PM,28.5,28.56,28.4,28.4,28.4
2022/8/211:00:00PM,27.8,28.08,27.9,27.9,27.9
2022/8/312:00:00AM,27.8,27.93,28,28,28
2022/8/301:00:00AM,27.9,27.99,27.9,27.9,27.9
2022/8/302:00:00AM,27.4,27.68,27.2,27.2,27.2
2022/8/303:00:00AM,26.8,27.32,27.1,27.1,27.1
2022/8/304:00:00AM,26.7,27,27.3,27.3,27.3
2022/8/305:00:00AM,27.1,26.94,26.9,26.9,26.9
2022/8/306:00:00AM,27.2,27.13,27,27,27
2022/8/307:00:00AM,27.5,27.56,27.2,27.2,27.2
2022/8/308:00:00AM,28.2,28.23,28.2,28.2,28.2
2022/8/309:00:00AM,29.1,29.21,29,29,29
2022/8/310:00:00AM,30.5,30.02,29.3,29.3,29.3
2022/8/311:00:00AM,30.4,30.33,31.6,31.6,31.6
2022/8/312:00:00PM,30.3,29.93,31.2,31.2,31.2
2022/8/301:00:00PM,30.8,30.14,30.8,30.8,30.8
2022/8/302:00:00PM,30.4,29.92,30.9,30.9,30.9
2022/8/303:00:00PM,30.5,30.06,30.9,30.9,30.9
2022/8/304:00:00PM,29.8,29.82,30.5,30.5,30.5
2022/8/305:00:00PM,28.9,29.07,29.4,29.4,29.4
2022/8/306:00:00PM,28.5,28.62,29.1,29.1,29.1
2022/8/307:00:00PM,27.2,27.52,28.2,28.2,28.2
2022/8/308:00:00PM,27.7,27.62,28.2,28.2,28.2
2022/8/309:00:00PM,27.3,27.32,27.6,27.6,27.6
2022/8/310:00:00PM,27.1,27.24,27.5,27.5,27.5
2022/8/311:00:00PM,26.9,27.09,27.5,27.5,27.5
2022/8/412:00:00AM,27,27.14,27.4,27.4,27.4
2022/8/401:00:00AM,26.8,26.73,27.1,27.1,27.1
2022/8/402:00:00AM,26.6,26.82,27.1,27.1,27.1
2022/8/403:00:00AM,26.6,26.48,27.2,27.2,27.2
2022/8/404:00:00AM,26.7,26.45,27.4,27.4,27.4
2022/8/405:00:00AM,26.7,26.54,26.9,26.9,26.9
2022/8/406:00:00AM,27,26.76,26.8,26.8,26.8
2022/8/407:00:00AM,29.5,29.14,28.1,28.1,28.1
2022/8/408:00:00AM,30.1,31.22,29.6,29.6,29.6
2022/8/409:00:00AM,31,30.62,31,31,31
2022/8/410:00:00AM,31.2,30.44,31.1,31.1,31.1
2022/8/411:00:00AM,32.1,31.17,31.8,31.8,31.8
2022/8/412:00:00PM,30.9,30.76,32.7,32.7,32.7
2022/8/401:00:00PM,32.4,30.94,32.9,32.9,32.9
2022/8/402:00:00PM,31.9,30.98,32.7,32.7,32.7
2022/8/403:00:00PM,31.4,31.01,32.7,32.7,32.7
2022/8/404:00:00PM,31.4,31.21,32,32,32
2022/8/405:00:00PM,28.3,28.4,28.5,28.5,28.5
2022/8/406:00:00PM,28.9,28.61,29.1,29.1,29.1
2022/8/407:00:00PM,28.7,28.76,29,29,29
2022/8/408:00:00PM,28.6,28.1,28.2,28.2,28.2
2022/8/409:00:00PM,27,27.09,26.9,26.9,26.9
2022/8/410:00:00PM,26.3,26.4,27.1,27.1,27.1
2022/8/411:00:00PM,26.1,26.32,26.9,26.9,26.9
2022/8/512:00:00AM,25.8,26.03,27,27,27
2022/8/501:00:00AM,26.1,26.35,27.4,27.4,27.4
2022/8/502:00:00AM,26.2,26.4,27.2,27.2,27.2
2022/8/503:00:00AM,26.3,26.52,27,27,27
2022/8/504:00:00AM,26.8,26.54,27,27,27
2022/8/505:00:00AM,26.7,26.82,27,27,27
2022/8/506:00:00AM,26.9,26.71,26.6,26.6,26.6
2022/8/507:00:00AM,28.7,28.27,27.7,27.7,27.7
2022/8/508:00:00AM,29.2,29.53,29.5,29.5,29.5
2022/8/509:00:00AM,30.4,30.35,31.1,31.1,31.1
2022/8/510:00:00AM,31.4,31.22,32.2,32.2,32.2
2022/8/511:00:00AM,32.5,32.05,32.6,32.6,32.6
2022/8/512:00:00PM,32.5,32.53,33.6,33.6,33.6
2022/8/501:00:00PM,32.7,32.76,33.2,33.2,33.2
2022/8/502:00:00PM,31.9,32.75,32.8,32.8,32.8
2022/8/503:00:00PM,31.8,31.34,31.4,31.4,31.4
2022/8/504:00:00PM,31.9,31.31,31.6,31.6,31.6
2022/8/505:00:00PM,30.9,31.04,31.1,31.1,31.1
2022/8/506:00:00PM,30.8,30.82,31,31,31
2022/8/507:00:00PM,30.4,30.2,29.9,29.9,29.9
2022/8/508:00:00PM,28.3,28.61,28.9,28.9,28.9
2022/8/509:00:00PM,28.6,28.54,28.1,28.1,28.1
2022/8/510:00:00PM,27.9,28.2,28.2,28.2,28.2
2022/8/511:00:00PM,28,28.23,28.5,28.5,28.5
2022/8/612:00:00AM,28.6,28.56,28.3,28.3,28.3
2022/8/601:00:00AM,28.4,28.51,28.4,28.4,28.4
2022/8/602:00:00AM,28.1,28.34,28.3,28.3,28.3
2022/8/603:00:00AM,27.9,28.06,28.1,28.1,28.1
2022/8/604:00:00AM,27.9,27.94,27.9,27.9,27.9
2022/8/605:00:00AM,27.7,27.87,27.6,27.6,27.6
2022/8/606:00:00AM,28,27.8,27.7,27.7,27.7
2022/8/607:00:00AM,28.7,28.75,28.3,28.3,28.3
2022/8/608:00:00AM,29.7,29.7,29.3,29.3,29.3
2022/8/609:00:00AM,30.7,30.74,30,30,30
2022/8/610:00:00AM,31.6,31.36,31.2,31.2,31.2
2022/8/611:00:00AM,32.1,32.46,32.6,32.6,32.6
2022/8/612:00:00PM,31.4,31.42,32.1,32.1,32.1
2022/8/601:00:00PM,32.6,31.72,33,33,33
2022/8/602:00:00PM,32.3,31.65,32.5,32.5,32.5
2022/8/603:00:00PM,32.7,31.53,31.1,31.1,31.1
2022/8/604:00:00PM,31.2,31.45,30.7,30.7,30.7
2022/8/605:00:00PM,30.2,30.57,30.6,30.6,30.6
2022/8/606:00:00PM,30,29.35,28.2,28.2,28.2
2022/8/607:00:00PM,28.8,28.76,28.5,28.5,28.5
2022/8/608:00:00PM,29,28.94,28.9,28.9,28.9
2022/8/609:00:00PM,28.9,29.24,29,29,29
2022/8/610:00:00PM,29.2,29.32,29.4,29.4,29.4
2022/8/611:00:00PM,29.3,29.3,29.3,29.3,29.3
2022/8/712:00:00AM,28.6,28.8,28.6,28.6,28.6
2022/8/701:00:00AM,28.3,28.34,28.2,28.2,28.2
2022/8/702:00:00AM,28.6,28.54,28.6,28.6,28.6
2022/8/703:00:00AM,28.8,28.82,28.4,28.4,28.4
2022/8/704:00:00AM,28.5,28.59,27.8,27.8,27.8
2022/8/705:00:00AM,28.2,27.79,27.3,27.3,27.3
2022/8/706:00:00AM,28.2,27.95,27.7,27.7,27.7
2022/8/707:00:00AM,29.6,29,28.3,28.3,28.3
2022/8/708:00:00AM,30.2,30.65,30.1,30.1,30.1
2022/8/709:00:00AM,31,31.31,30.9,30.9,30.9
2022/8/710:00:00AM,32,31.71,32.5,32.5,32.5
2022/8/711:00:00AM,32.9,32.32,32.3,32.3,32.3
2022/8/712:00:00PM,33.5,33.19,33.2,33.2,33.2
2022/8/701:00:00PM,33.5,32.8,32.3,32.3,32.3
2022/8/702:00:00PM,32.5,32.74,31.1,31.1,31.1
2022/8/703:00:00PM,30.9,30.89,28.2,28.2,28.2
2022/8/704:00:00PM,27.7,26.96,27.1,27.1,27.1
2022/8/705:00:00PM,27,26.03,26.6,26.6,26.6
2022/8/706:00:00PM,25,25.47,25.8,25.8,25.8
2022/8/707:00:00PM,25.9,25.65,26.7,26.7,26.7
2022/8/708:00:00PM,26.7,26.15,26.6,26.6,26.6
2022/8/709:00:00PM,27,26.46,27.2,27.2,27.2
2022/8/710:00:00PM,27.1,26.73,27.5,27.5,27.5
2022/8/711:00:00PM,27,26.66,27.1,27.1,27.1
2022/8/812:00:00AM,27.2,26.94,27,27,27
2022/8/801:00:00AM,26.5,26.68,27,27,27
2022/8/802:00:00AM,26.6,26.51,26.7,26.7,26.7
2022/8/803:00:00AM,26.4,26.63,26.9,26.9,26.9
2022/8/804:00:00AM,26.7,26.54,26.4,26.4,26.4
2022/8/805:00:00AM,26.3,26.47,26.5,26.5,26.5
2022/8/806:00:00AM,26.3,26.35,26.4,26.4,26.4
2022/8/807:00:00AM,28,28.35,27.7,27.7,27.7
2022/8/808:00:00AM,29.1,29.48,29.4,29.4,29.4
2022/8/809:00:00AM,30.2,30.89,30.8,30.8,30.8
2022/8/810:00:00AM,31.7,31.55,31.9,31.9,31.9
2022/8/811:00:00AM,32.8,33.01,32.3,32.3,32.3
2022/8/812:00:00PM,33.4,32.71,32.7,32.7,32.7
2022/8/801:00:00PM,34,33.54,32.8,32.8,32.8
2022/8/802:00:00PM,34.7,33.86,33.5,33.5,33.5
2022/8/803:00:00PM,32.9,33.23,33.6,33.6,33.6
2022/8/804:00:00PM,31.3,32.23,32.5,32.5,32.5
2022/8/805:00:00PM,31.8,32,32,32,32
2022/8/806:00:00PM,30.7,31.24,31.1,31.1,31.1
2022/8/807:00:00PM,26.3,25.62,27,27,27
2022/8/808:00:00PM,26.1,25.76,27.2,27.2,27.2
2022/8/809:00:00PM,27.2,25.87,28.3,28.3,28.3
2022/8/810:00:00PM,27.7,27.55,28.6,28.6,28.6
2022/8/811:00:00PM,28.1,27.17,28.7,28.7,28.7
2022/8/912:00:00AM,28.2,27.73,28.5,28.5,28.5
2022/8/901:00:00AM,28.2,27.8,28.2,28.2,28.2
2022/8/902:00:00AM,28.1,27.6,28.1,28.1,28.1
2022/8/903:00:00AM,27.5,27.75,28,28,28
2022/8/904:00:00AM,27.4,27.58,27.9,27.9,27.9
2022/8/905:00:00AM,27.5,27.33,27.6,27.6,27.6
2022/8/906:00:00AM,27.5,27.47,28,28,28
2022/8/907:00:00AM,28.3,28.48,28.5,28.5,28.5
2022/8/908:00:00AM,29.2,29.24,29.6,29.6,29.6
2022/8/909:00:00AM,30.9,30.35,31.2,31.2,31.2
2022/8/910:00:00AM,31.7,31.15,32.1,32.1,32.1
2022/8/911:00:00AM,32.1,31.76,31.9,31.9,31.9
2022/8/912:00:00PM,32,31.44,32.7,32.7,32.7
2022/8/901:00:00PM,30.3,30.79,31.8,31.8,31.8
2022/8/902:00:00PM,28.2,28,27.3,27.3,27.3
2022/8/903:00:00PM,28.9,27.92,28.9,28.9,28.9
2022/8/904:00:00PM,30.3,29.38,30.3,30.3,30.3
2022/8/905:00:00PM,29.7,29.27,30,30,30
2022/8/906:00:00PM,28.7,28.68,28.8,28.8,28.8
2022/8/907:00:00PM,27.5,27.31,28.1,28.1,28.1
2022/8/908:00:00PM,27.7,27.91,28.2,28.2,28.2
2022/8/909:00:00PM,27.9,28.08,28.3,28.3,28.3
2022/8/910:00:00PM,28.1,28.3,28.5,28.5,28.5
2022/8/911:00:00PM,28.5,28.25,27.7,27.7,27.7
2022/8/1012:00:00AM,28,27.8,27.6,27.6,27.6
2022/8/1001:00:00AM,27.8,27.66,27.5,27.5,27.5
2022/8/1002:00:00AM,26.9,27.31,27.2,27.2,27.2
2022/8/1003:00:00AM,26.9,26.96,27,27,27
2022/8/1004:00:00AM,27.4,27.28,26.9,26.9,26.9
2022/8/1005:00:00AM,26.9,26.97,26.8,26.8,26.8
2022/8/1006:00:00AM,26.8,27.01,26.6,26.6,26.6
2022/8/1007:00:00AM,27.8,28.3,27.9,27.9,27.9
2022/8/1008:00:00AM,29.5,29.52,29.4,29.4,29.4
2022/8/1009:00:00AM,30.5,30.89,30.5,30.5,30.5
2022/8/1010:00:00AM,30.8,31.25,31.5,31.5,31.5
2022/8/1011:00:00AM,31.7,31.9,32.4,32.4,32.4
2022/8/1012:00:00PM,33,32.75,33.4,33.4,33.4
2022/8/1001:00:00PM,34.1,33.33,33.9,33.9,33.9
2022/8/1002:00:00PM,33,32.39,33.7,33.7,33.7
2022/8/1003:00:00PM,31.7,31.68,32.1,32.1,32.1
2022/8/1004:00:00PM,30.7,30.87,31.3,31.3,31.3
2022/8/1005:00:00PM,29.2,29.08,28.8,28.8,28.8
2022/8/1006:00:00PM,26.4,26.27,26.4,26.4,26.4
2022/8/1007:00:00PM,25.5,25.58,25.9,25.9,25.9
2022/8/1008:00:00PM,26.4,25.62,26.4,26.4,26.4
2022/8/1009:00:00PM,26.3,26.03,26,26,26
2022/8/1010:00:00PM,26.6,26.07,26.9,26.9,26.9
2022/8/1011:00:00PM,26.8,26.61,27,27,27
2022/8/1112:00:00AM,27.1,26.79,27.4,27.4,27.4
2022/8/1101:00:00AM,27,27.04,27.1,27.1,27.1
2022/8/1102:00:00AM,26.6,26.61,26.9,26.9,26.9
2022/8/1103:00:00AM,26.6,26.69,27,27,27
2022/8/1104:00:00AM,26.4,26.3,26.9,26.9,26.9
2022/8/1105:00:00AM,26.5,26.31,26.5,26.5,26.5
2022/8/1106:00:00AM,26.8,26.29,26.5,26.5,26.5
2022/8/1107:00:00AM,28.8,27.82,27.3,27.3,27.3
2022/8/1108:00:00AM,30.1,29.48,29.1,29.1,29.1
2022/8/1109:00:00AM,30.7,30.97,30.9,30.9,30.9
2022/8/1110:00:00AM,31.5,31.63,31.4,31.4,31.4
2022/8/1111:00:00AM,31.3,30.84,31.7,31.7,31.7
2022/8/1112:00:00PM,31.2,31.38,31.9,31.9,31.9
2022/8/1101:00:00PM,30.8,31.14,31.6,31.6,31.6
2022/8/1102:00:00PM,32.1,31.57,31.6,31.6,31.6
2022/8/1103:00:00PM,32.1,31.49,31.7,31.7,31.7
2022/8/1104:00:00PM,30.1,30.38,30.3,30.3,30.3
2022/8/1105:00:00PM,29.9,30.06,30.1,30.1,30.1
2022/8/1106:00:00PM,29.4,29.49,29.7,29.7,29.7
2022/8/1107:00:00PM,29.1,28.79,27.2,27.2,27.2
2022/8/1108:00:00PM,26.4,26.66,26.4,26.4,26.4
2022/8/1109:00:00PM,26.9,26.78,26.8,26.8,26.8
2022/8/1110:00:00PM,26.9,26.81,27.5,27.5,27.5
2022/8/1111:00:00PM,26.9,26.85,27.3,27.3,27.3
2022/8/1212:00:00AM,26.6,26.7,27.1,27.1,27.1
2022/8/1201:00:00AM,26.9,26.68,26.7,26.7,26.7
2022/8/1202:00:00AM,26.9,26.48,26.7,26.7,26.7
2022/8/1203:00:00AM,27,26.6,26.7,26.7,26.7
2022/8/1204:00:00AM,26.9,26.67,26.7,26.7,26.7
2022/8/1205:00:00AM,26.7,26.57,26.8,26.8,26.8
2022/8/1206:00:00AM,26.9,26.56,26.5,26.5,26.5
2022/8/1207:00:00AM,29.8,28.58,27.4,27.4,27.4
2022/8/1208:00:00AM,30.8,30.57,29.5,29.5,29.5
2022/8/1209:00:00AM,30.1,30.14,31,31,31
2022/8/1210:00:00AM,30.6,30.06,31.1,31.1,31.1
2022/8/1211:00:00AM,31,30.97,31.6,31.6,31.6
2022/8/1212:00:00PM,31.1,31.24,32.4,32.4,32.4
2022/8/1201:00:00PM,31.5,31.3,32.2,32.2,32.2
2022/8/1202:00:00PM,31,30.77,31.2,31.2,31.2
2022/8/1203:00:00PM,31.9,31.04,31.4,31.4,31.4
2022/8/1204:00:00PM,29.8,29.95,30.1,30.1,30.1
2022/8/1205:00:00PM,28.7,28.39,27.3,27.3,27.3
2022/8/1206:00:00PM,27.3,27.27,27.1,27.1,27.1
2022/8/1207:00:00PM,26.8,26.63,26.8,26.8,26.8
2022/8/1208:00:00PM,27.1,26.82,27,27,27
2022/8/1209:00:00PM,27.1,26.96,27.3,27.3,27.3
2022/8/1210:00:00PM,26.8,26.94,27.3,27.3,27.3
2022/8/1211:00:00PM,26.8,26.66,27.3,27.3,27.3
2022/8/1312:00:00AM,26.7,26.76,27.1,27.1,27.1
2022/8/1301:00:00AM,26.8,26.62,26.9,26.9,26.9
2022/8/1302:00:00AM,26.8,26.38,27.1,27.1,27.1
2022/8/1303:00:00AM,26.9,26.8,27.1,27.1,27.1
2022/8/1304:00:00AM,27.1,26.92,26.4,26.4,26.4
2022/8/1305:00:00AM,26.9,26.68,26.4,26.4,26.4
2022/8/1306:00:00AM,27.2,26.75,26.7,26.7,26.7
2022/8/1307:00:00AM,28.9,28.9,27.9,27.9,27.9
2022/8/1308:00:00AM,30.2,31.09,28.9,28.9,28.9
2022/8/1309:00:00AM,30.8,30.97,30.5,30.5,30.5
2022/8/1310:00:00AM,31.3,31.3,30.8,30.8,30.8
2022/8/1311:00:00AM,30.7,31.28,31.3,31.3,31.3
2022/8/1312:00:00PM,30.9,31.12,31.3,31.3,31.3
2022/8/1301:00:00PM,31.9,31.65,32.3,32.3,32.3
2022/8/1302:00:00PM,31.9,31.74,31.9,31.9,31.9
2022/8/1303:00:00PM,31.9,31.73,32.7,32.7,32.7
2022/8/1304:00:00PM,30.6,30.37,30.6,30.6,30.6
2022/8/1305:00:00PM,30,30.36,30.3,30.3,30.3
2022/8/1306:00:00PM,29.9,30.13,30.6,30.6,30.6
2022/8/1307:00:00PM,29.7,29.89,29.1,29.1,29.1
2022/8/1308:00:00PM,29.3,29.04,28.5,28.5,28.5
2022/8/1309:00:00PM,29.1,28.75,28.6,28.6,28.6
2022/8/1310:00:00PM,28.7,28.59,28.5,28.5,28.5
2022/8/1311:00:00PM,28.5,28.14,28.3,28.3,28.3
2022/8/1412:00:00AM,28.3,28.13,28.5,28.5,28.5
2022/8/1401:00:00AM,28.4,28.13,27.9,27.9,27.9
2022/8/1402:00:00AM,28.1,27.98,27.7,27.7,27.7
2022/8/1403:00:00AM,27.6,27.38,27.9,27.9,27.9
2022/8/1404:00:00AM,27.7,27.69,27.7,27.7,27.7
2022/8/1405:00:00AM,27.3,27.5,27.1,27.1,27.1
2022/8/1406:00:00AM,27.5,27.23,26.9,26.9,26.9
2022/8/1407:00:00AM,28.9,29.37,28.2,28.2,28.2
2022/8/1408:00:00AM,30,30.72,29.5,29.5,29.5
2022/8/1409:00:00AM,30.7,31.33,31,31,31
2022/8/1410:00:00AM,31.3,31.5,31.6,31.6,31.6
2022/8/1411:00:00AM,32.5,31.92,32.2,32.2,32.2
2022/8/1412:00:00PM,32.3,31.95,32.2,32.2,32.2
2022/8/1401:00:00PM,32.3,31.82,32.4,32.4,32.4
2022/8/1402:00:00PM,32.6,32.02,33,33,33
2022/8/1403:00:00PM,32.4,31.99,32.5,32.5,32.5
2022/8/1404:00:00PM,31.6,31.34,32,32,32
2022/8/1405:00:00PM,31.3,30.77,31.4,31.4,31.4
2022/8/1406:00:00PM,30.8,30.34,31,31,31
2022/8/1407:00:00PM,30.2,30.29,30.6,30.6,30.6
2022/8/1408:00:00PM,30.2,30.34,30.8,30.8,30.8
2022/8/1409:00:00PM,30.2,30.32,30.5,30.5,30.5
2022/8/1410:00:00PM,30.2,30.32,30.5,30.5,30.5
2022/8/1411:00:00PM,29.9,29.81,30,30,30
2022/8/1512:00:00AM,29.2,29,29.5,29.5,29.5
2022/8/1501:00:00AM,28.8,28.51,28.7,28.7,28.7
2022/8/1502:00:00AM,28.6,28.28,28.5,28.5,28.5
2022/8/1503:00:00AM,28.4,28.38,28.6,28.6,28.6
2022/8/1504:00:00AM,28.6,28.84,28.6,28.6,28.6
2022/8/1505:00:00AM,28.2,28.52,28.4,28.4,28.4
2022/8/1506:00:00AM,28,28.14,28.1,28.1,28.1
2022/8/1507:00:00AM,28.9,29.25,29.1,29.1,29.1
2022/8/1508:00:00AM,30.2,30.35,29.9,29.9,29.9
2022/8/1509:00:00AM,30.4,30.66,31.3,31.3,31.3
2022/8/1510:00:00AM,31.4,31.35,31.9,31.9,31.9
2022/8/1511:00:00AM,31.5,31.53,31.5,31.5,31.5
2022/8/1512:00:00PM,31.6,31.74,32.5,32.5,32.5
2022/8/1501:00:00PM,32,31.52,31.4,31.4,31.4
2022/8/1502:00:00PM,32.8,32.23,32.7,32.7,32.7
2022/8/1503:00:00PM,28.3,27.17,25.1,25.1,25.1
2022/8/1504:00:00PM,25.9,25.59,25.4,25.4,25.4
2022/8/1505:00:00PM,26.8,26.3,27,27,27
2022/8/1506:00:00PM,27.5,27.06,27.5,27.5,27.5
2022/8/1507:00:00PM,27.5,27.33,27.3,27.3,27.3
2022/8/1508:00:00PM,27.5,27.02,27.3,27.3,27.3
2022/8/1509:00:00PM,27.2,27.08,27.5,27.5,27.5
2022/8/1510:00:00PM,27.5,27.06,27.4,27.4,27.4
2022/8/1511:00:00PM,27.2,27.26,27.6,27.6,27.6
2022/8/1612:00:00AM,27.1,26.72,27.7,27.7,27.7
2022/8/1601:00:00AM,27,26.96,27.4,27.4,27.4
2022/8/1602:00:00AM,27,26.89,27,27,27
2022/8/1603:00:00AM,26.9,27.15,26.9,26.9,26.9
2022/8/1604:00:00AM,27,26.77,26.6,26.6,26.6
2022/8/1605:00:00AM,26.5,26.79,26.7,26.7,26.7
2022/8/1606:00:00AM,26.6,26.86,26.7,26.7,26.7
2022/8/1607:00:00AM,28,28.35,27.8,27.8,27.8
2022/8/1608:00:00AM,29.3,29.66,29.7,29.7,29.7
2022/8/1609:00:00AM,30.5,30.67,30.8,30.8,30.8
2022/8/1610:00:00AM,31.5,31.44,31.9,31.9,31.9
2022/8/1611:00:00AM,32.6,32.68,33.5,33.5,33.5
2022/8/1612:00:00PM,31.5,31.96,33.2,33.2,33.2
2022/8/1601:00:00PM,32.6,32.21,32.3,32.3,32.3
2022/8/1602:00:00PM,32,30.03,31.4,31.4,31.4
2022/8/1603:00:00PM,29.5,28.01,28.5,28.5,28.5
2022/8/1604:00:00PM,31.1,29.69,30.4,30.4,30.4
2022/8/1605:00:00PM,29,28.3,28.5,28.5,28.5
2022/8/1606:00:00PM,25.5,25.87,26.7,26.7,26.7
2022/8/1607:00:00PM,26.3,25.5,26.8,26.8,26.8
2022/8/1608:00:00PM,26.7,25.8,26.6,26.6,26.6
2022/8/1609:00:00PM,26.8,26.55,27.3,27.3,27.3
2022/8/1610:00:00PM,27.4,26.53,28,28,28
2022/8/1611:00:00PM,27.8,27.1,28.2,28.2,28.2
2022/8/1712:00:00AM,28.5,27.6,28.4,28.4,28.4
2022/8/1701:00:00AM,28,27.86,27.5,27.5,27.5
2022/8/1702:00:00AM,27.4,27.22,27.5,27.5,27.5
2022/8/1703:00:00AM,27.5,27.54,27.4,27.4,27.4
2022/8/1704:00:00AM,27.4,27.41,27.5,27.5,27.5
2022/8/1705:00:00AM,27.4,27.57,27.4,27.4,27.4
2022/8/1706:00:00AM,27.5,27.15,27.3,27.3,27.3
2022/8/1707:00:00AM,28.2,27.77,27.4,27.4,27.4
2022/8/1708:00:00AM,29.5,28.8,28.4,28.4,28.4
2022/8/1709:00:00AM,30.2,29.95,29.9,29.9,29.9
2022/8/1710:00:00AM,30.9,29.65,30,30,30
2022/8/1711:00:00AM,31.3,30.72,30.9,30.9,30.9
2022/8/1712:00:00PM,31.6,30.82,32.1,32.1,32.1
2022/8/1701:00:00PM,31.7,30.92,31.4,31.4,31.4
2022/8/1702:00:00PM,32.1,31.03,31.4,31.4,31.4
2022/8/1703:00:00PM,31.4,31.16,31.2,31.2,31.2
2022/8/1704:00:00PM,30.4,29.9,30.4,30.4,30.4
2022/8/1705:00:00PM,29.9,29.61,30.1,30.1,30.1
2022/8/1706:00:00PM,29.4,27.9,27.2,27.2,27.2
2022/8/1707:00:00PM,25.5,25.33,26,26,26
2022/8/1708:00:00PM,25.4,25.5,26.2,26.2,26.2
2022/8/1709:00:00PM,26.1,26,26.2,26.2,26.2
2022/8/1710:00:00PM,26.1,26.12,26.5,26.5,26.5
2022/8/1711:00:00PM,26.3,26.33,26.7,26.7,26.7
2022/8/1812:00:00AM,26.5,26.35,26.5,26.5,26.5
2022/8/1801:00:00AM,26.7,26.52,26.8,26.8,26.8
2022/8/1802:00:00AM,26.5,26.49,26.9,26.9,26.9
2022/8/1803:00:00AM,26.5,26.39,27,27,27
2022/8/1804:00:00AM,26.9,26.54,26.8,26.8,26.8
2022/8/1805:00:00AM,27.3,26.67,27.2,27.2,27.2
2022/8/1806:00:00AM,27.4,27.03,27.3,27.3,27.3
2022/8/1807:00:00AM,27.6,27.13,27.1,27.1,27.1
2022/8/1808:00:00AM,28.4,28.02,27.8,27.8,27.8
2022/8/1809:00:00AM,29.9,29.46,29.2,29.2,29.2
2022/8/1810:00:00AM,31.7,31.07,31,31,31
2022/8/1811:00:00AM,28.5,28.32,28.9,28.9,28.9
2022/8/1812:00:00PM,26.3,26.41,27,27,27
2022/8/1801:00:00PM,26.5,26.11,26.4,26.4,26.4
2022/8/1802:00:00PM,25.4,25.88,26,26,26
2022/8/1803:00:00PM,27.2,26.97,27.7,27.7,27.7
2022/8/1804:00:00PM,27.8,27.18,27.9,27.9,27.9
2022/8/1805:00:00PM,27.9,27.04,28.1,28.1,28.1
2022/8/1806:00:00PM,26.2,26.42,26,26,26
2022/8/1807:00:00PM,25.4,25.44,25.6,25.6,25.6
2022/8/1808:00:00PM,25.6,25.29,26.1,26.1,26.1
2022/8/1809:00:00PM,25.9,25.55,26.4,26.4,26.4
2022/8/1810:00:00PM,26,25.79,25.8,25.8,25.8
2022/8/1811:00:00PM,26,25.86,26.1,26.1,26.1
2022/8/1912:00:00AM,26.1,25.83,26,26,26
2022/8/1901:00:00AM,26,25.84,26,26,26
2022/8/1902:00:00AM,26,25.75,26,26,26
2022/8/1903:00:00AM,26,25.68,25.8,25.8,25.8
2022/8/1904:00:00AM,25.7,25.76,25.7,25.7,25.7
2022/8/1905:00:00AM,25.8,25.63,26.1,26.1,26.1
2022/8/1906:00:00AM,26.4,26.23,26.5,26.5,26.5
2022/8/1907:00:00AM,27.8,28.1,27.3,27.3,27.3
2022/8/1908:00:00AM,29.6,29.64,29.3,29.3,29.3
2022/8/1909:00:00AM,30.2,30.63,30.5,30.5,30.5
2022/8/1910:00:00AM,30.3,30.7,31.4,31.4,31.4
2022/8/1911:00:00AM,30.5,30.49,31.9,31.9,31.9
2022/8/1912:00:00PM,30.7,30.55,31.9,31.9,31.9
2022/8/1901:00:00PM,30.9,30.57,32,32,32
2022/8/1902:00:00PM,31.1,30.47,31.9,31.9,31.9
2022/8/1903:00:00PM,31.1,30.42,31.6,31.6,31.6
2022/8/1904:00:00PM,30.4,30.14,30.4,30.4,30.4
2022/8/1905:00:00PM,30.2,29.95,30.6,30.6,30.6
2022/8/1906:00:00PM,29.6,29.68,29.9,29.9,29.9
2022/8/1907:00:00PM,29.5,29.49,29.4,29.4,29.4
2022/8/1908:00:00PM,29.5,29.64,29.3,29.3,29.3
2022/8/1909:00:00PM,29.5,29.6,29.4,29.4,29.4
2022/8/1910:00:00PM,29.4,29.44,29,29,29
2022/8/1911:00:00PM,29.4,29.45,28.9,28.9,28.9
2022/8/2012:00:00AM,29.1,29.2,28.7,28.7,28.7
2022/8/2001:00:00AM,29,28.87,28.5,28.5,28.5
2022/8/2002:00:00AM,28.6,28.73,28.2,28.2,28.2
2022/8/2003:00:00AM,28.3,28.24,28,28,28
2022/8/2004:00:00AM,28.1,27.77,27.3,27.3,27.3
2022/8/2005:00:00AM,27.4,27.35,27.6,27.6,27.6
2022/8/2006:00:00AM,27.6,27.57,27.7,27.7,27.7
2022/8/2007:00:00AM,28.9,29.44,28.5,28.5,28.5
2022/8/2008:00:00AM,29.8,30.75,29.8,29.8,29.8
2022/8/2009:00:00AM,30.9,31.11,30.6,30.6,30.6
2022/8/2010:00:00AM,31.4,30.95,32.1,32.1,32.1
2022/8/2011:00:00AM,31.9,31.09,32.8,32.8,32.8
2022/8/2012:00:00PM,31.9,31.19,32.4,32.4,32.4
2022/8/2001:00:00PM,31.9,31.27,31.7,31.7,31.7
2022/8/2002:00:00PM,31.8,31.21,31.5,31.5,31.5
2022/8/2003:00:00PM,31.7,31.22,31.7,31.7,31.7
2022/8/2004:00:00PM,31.8,31.28,31.3,31.3,31.3
2022/8/2005:00:00PM,30.7,30.58,31,31,31
2022/8/2006:00:00PM,30,30.14,30.5,30.5,30.5
2022/8/2007:00:00PM,29.6,29.85,30,30,30
2022/8/2008:00:00PM,29.4,29.58,29.8,29.8,29.8
2022/8/2009:00:00PM,29.3,29.5,29.8,29.8,29.8
2022/8/2010:00:00PM,29.2,29.39,29.5,29.5,29.5
2022/8/2011:00:00PM,29.1,29.26,29.6,29.6,29.6
2022/8/2112:00:00AM,28.9,29.07,29,29,29
2022/8/2101:00:00AM,28.5,28.59,27.9,27.9,27.9
2022/8/2102:00:00AM,28.2,28.04,28.1,28.1,28.1
2022/8/2103:00:00AM,28,28.02,27.7,27.7,27.7
2022/8/2104:00:00AM,27.9,27.73,27.7,27.7,27.7
2022/8/2105:00:00AM,27.8,27.8,27.4,27.4,27.4
2022/8/2106:00:00AM,27.6,27.78,27.5,27.5,27.5
2022/8/2107:00:00AM,28.6,29.09,28.2,28.2,28.2
2022/8/2108:00:00AM,29.5,29.89,29.7,29.7,29.7
2022/8/2109:00:00AM,30.3,30.58,31,31,31
2022/8/2110:00:00AM,31.3,31.45,31.7,31.7,31.7
2022/8/2111:00:00AM,31.8,31.62,32.2,32.2,32.2
2022/8/2112:00:00PM,31.3,31.18,32.4,32.4,32.4
2022/8/2101:00:00PM,31.2,31.16,32.1,32.1,32.1
2022/8/2102:00:00PM,31.9,31.11,32.6,32.6,32.6
2022/8/2103:00:00PM,31.7,31.18,32,32,32
2022/8/2104:00:00PM,31.4,31.03,31.4,31.4,31.4
2022/8/2105:00:00PM,30.6,30.11,31.3,31.3,31.3
2022/8/2106:00:00PM,29.9,29.99,30,30,30
2022/8/2107:00:00PM,29.4,29.69,30,30,30
2022/8/2108:00:00PM,29.3,29.56,29.8,29.8,29.8
2022/8/2109:00:00PM,29.2,29.23,30,30,30
2022/8/2110:00:00PM,29.2,29,30.2,30.2,30.2
2022/8/2111:00:00PM,29.2,28.79,29.9,29.9,29.9
2022/8/2212:00:00AM,29,28.75,29.3,29.3,29.3
2022/8/2201:00:00AM,28.9,28.66,29,29,29
2022/8/2202:00:00AM,28.4,28.21,28.8,28.8,28.8
2022/8/2203:00:00AM,28.3,28.25,29,29,29
2022/8/2204:00:00AM,28,28.12,28.9,28.9,28.9
2022/8/2205:00:00AM,28,27.97,28.6,28.6,28.6
2022/8/2206:00:00AM,28.6,28.08,28.4,28.4,28.4
2022/8/2207:00:00AM,29.4,30.05,28.9,28.9,28.9
2022/8/2208:00:00AM,30.8,30.17,29.8,29.8,29.8
2022/8/2209:00:00AM,30.9,29.96,31.2,31.2,31.2
2022/8/2210:00:00AM,31,30.72,31.2,31.2,31.2
2022/8/2211:00:00AM,31.1,31.05,32.3,32.3,32.3
2022/8/2212:00:00PM,31.6,31.43,32.7,32.7,32.7
2022/8/2201:00:00PM,31.5,31.73,32.3,32.3,32.3
2022/8/2202:00:00PM,32,32.02,32.4,32.4,32.4
2022/8/2203:00:00PM,32.1,32.08,33,33,33
2022/8/2204:00:00PM,31.8,31.8,32.2,32.2,32.2
2022/8/2205:00:00PM,31.4,31.01,31.9,31.9,31.9
2022/8/2206:00:00PM,30,30.24,30.8,30.8,30.8
2022/8/2207:00:00PM,29.8,29.95,30.4,30.4,30.4
2022/8/2208:00:00PM,29.7,29.59,30.2,30.2,30.2
2022/8/2209:00:00PM,29.7,29.66,30.2,30.2,30.2
2022/8/2210:00:00PM,29.8,29.75,29.8,29.8,29.8
2022/8/2211:00:00PM,29.6,29.66,29.7,29.7,29.7
2022/8/2312:00:00AM,29.7,29.44,29.9,29.9,29.9
2022/8/2301:00:00AM,29.5,29.44,29.7,29.7,29.7
2022/8/2302:00:00AM,29.3,29.56,29.5,29.5,29.5
2022/8/2303:00:00AM,29.4,29.45,29.5,29.5,29.5
2022/8/2304:00:00AM,29.2,29.33,29.4,29.4,29.4
2022/8/2305:00:00AM,29.1,29.17,29.3,29.3,29.3
2022/8/2306:00:00AM,29.1,29.37,29.2,29.2,29.2
2022/8/2307:00:00AM,30.2,30.04,29.4,29.4,29.4
2022/8/2308:00:00AM,30.7,30.44,30.7,30.7,30.7
2022/8/2309:00:00AM,31.1,31.02,31.2,31.2,31.2
2022/8/2310:00:00AM,31.9,31.17,31.7,31.7,31.7
2022/8/2311:00:00AM,32.1,31.84,33.3,33.3,33.3
2022/8/2312:00:00PM,32.6,32.13,33.4,33.4,33.4
2022/8/2301:00:00PM,32.4,32.09,33.4,33.4,33.4
2022/8/2302:00:00PM,32.7,32.06,33.6,33.6,33.6
2022/8/2303:00:00PM,32.9,32.02,33.9,33.9,33.9
2022/8/2304:00:00PM,32.5,31.84,32.9,32.9,32.9
2022/8/2305:00:00PM,32.3,31.44,32.7,32.7,32.7
2022/8/2306:00:00PM,31.1,30.87,31.6,31.6,31.6
2022/8/2307:00:00PM,30.7,30.44,31.1,31.1,31.1
2022/8/2308:00:00PM,30.3,30.38,30.7,30.7,30.7
2022/8/2309:00:00PM,30.3,30.24,30.4,30.4,30.4
2022/8/2310:00:00PM,30.4,30.3,30.7,30.7,30.7
2022/8/2311:00:00PM,30,30.04,30.1,30.1,30.1
2022/8/2412:00:00AM,29.7,29.68,30,30,30
2022/8/2401:00:00AM,29.2,29.24,29.8,29.8,29.8
2022/8/2402:00:00AM,29.2,29.4,29.9,29.9,29.9
2022/8/2403:00:00AM,29.2,29.31,29.8,29.8,29.8
2022/8/2404:00:00AM,29.3,29.44,29.7,29.7,29.7
2022/8/2405:00:00AM,29.1,29.25,29.5,29.5,29.5
2022/8/2406:00:00AM,28.9,28.99,29.3,29.3,29.3
2022/8/2407:00:00AM,29.9,30.18,29.8,29.8,29.8
2022/8/2408:00:00AM,30.1,30.44,30.5,30.5,30.5
2022/8/2409:00:00AM,30.7,31.17,30.7,30.7,30.7
2022/8/2410:00:00AM,31.4,31.16,31,31,31
2022/8/2411:00:00AM,30.4,30.2,30.8,30.8,30.8
2022/8/2412:00:00PM,31.6,30.54,31.7,31.7,31.7
2022/8/2401:00:00PM,30.1,30.14,31,31,31
2022/8/2402:00:00PM,31.4,30.93,31.3,31.3,31.3
2022/8/2403:00:00PM,31.3,30.9,31.2,31.2,31.2
2022/8/2404:00:00PM,30.9,30.7,30.8,30.8,30.8
2022/8/2405:00:00PM,31.5,31.31,31.5,31.5,31.5
2022/8/2406:00:00PM,31.9,31.66,31.8,31.8,31.8
2022/8/2407:00:00PM,31.1,31.09,31.1,31.1,31.1
2022/8/2408:00:00PM,30.6,30.84,30.8,30.8,30.8
2022/8/2409:00:00PM,30.5,30.69,30.6,30.6,30.6
2022/8/2410:00:00PM,30,30.13,30,30,30
2022/8/2411:00:00PM,29.7,29.92,29.7,29.7,29.7
2022/8/2512:00:00AM,29.5,29.63,29.5,29.5,29.5
2022/8/2501:00:00AM,29.2,29.34,29.3,29.3,29.3
2022/8/2502:00:00AM,28.9,29.14,29,29,29
2022/8/2503:00:00AM,28.4,28.92,28.8,28.8,28.8
2022/8/2504:00:00AM,28.4,28.76,28.6,28.6,28.6
2022/8/2505:00:00AM,28.1,28.44,28.6,28.6,28.6
2022/8/2506:00:00AM,27.9,28.17,28,28,28
2022/8/2507:00:00AM,29.4,30.12,29.1,29.1,29.1
2022/8/2508:00:00AM,30.2,30.42,30.2,30.2,30.2
2022/8/2509:00:00AM,31.4,32.01,31.7,31.7,31.7
2022/8/2510:00:00AM,31.7,31.72,32.8,32.8,32.8
2022/8/2511:00:00AM,32.2,31.2,33.2,33.2,33.2
2022/8/2512:00:00PM,32.1,31.28,32.7,32.7,32.7
2022/8/2501:00:00PM,31.7,31.27,32.6,32.6,32.6
2022/8/2502:00:00PM,31.9,31.02,32.3,32.3,32.3
2022/8/2503:00:00PM,31.5,30.97,32,32,32
2022/8/2504:00:00PM,31.6,30.86,31.7,31.7,31.7
2022/8/2505:00:00PM,31.1,30.38,31.1,31.1,31.1
2022/8/2506:00:00PM,30.3,30.08,30.5,30.5,30.5
2022/8/2507:00:00PM,30,29.85,30.2,30.2,30.2
2022/8/2508:00:00PM,29.9,29.73,30,30,30
2022/8/2509:00:00PM,29.6,29.51,29.9,29.9,29.9
2022/8/2510:00:00PM,29.6,29.44,29.7,29.7,29.7
2022/8/2511:00:00PM,29.6,29.51,29.6,29.6,29.6
2022/8/2612:00:00AM,29.3,29.34,29.5,29.5,29.5
2022/8/2601:00:00AM,29.1,29.03,29.2,29.2,29.2
2022/8/2602:00:00AM,29.1,28.92,29,29,29
2022/8/2603:00:00AM,28.7,28.79,29,29,29
2022/8/2604:00:00AM,28.5,28.45,28.3,28.3,28.3
2022/8/2605:00:00AM,28,28.18,28.3,28.3,28.3
2022/8/2606:00:00AM,28,28.24,28.4,28.4,28.4
2022/8/2607:00:00AM,29.3,29.78,29.1,29.1,29.1
2022/8/2608:00:00AM,30.1,30.74,30.6,30.6,30.6
2022/8/2609:00:00AM,31.3,31.14,31.9,31.9,31.9
2022/8/2610:00:00AM,31.6,31.75,32,32,32
2022/8/2611:00:00AM,31.9,31.86,32,32,32
2022/8/2612:00:00PM,32,31.66,32.5,32.5,32.5
2022/8/2601:00:00PM,32.1,31.73,32.5,32.5,32.5
2022/8/2602:00:00PM,32.3,31.95,33.1,33.1,33.1
2022/8/2603:00:00PM,32.2,32.03,32.9,32.9,32.9
2022/8/2604:00:00PM,32.3,31.61,32.7,32.7,32.7
2022/8/2605:00:00PM,32.1,31.3,32.2,32.2,32.2
2022/8/2606:00:00PM,30.5,30.63,31.3,31.3,31.3
2022/8/2607:00:00PM,29.8,30.11,30.6,30.6,30.6
2022/8/2608:00:00PM,29.4,29.69,30.1,30.1,30.1
2022/8/2609:00:00PM,29.4,29.72,29.9,29.9,29.9
2022/8/2610:00:00PM,29.3,29.38,30.1,30.1,30.1
2022/8/2611:00:00PM,29.2,29.2,29.8,29.8,29.8
2022/8/2712:00:00AM,29,29,29.6,29.6,29.6
2022/8/2701:00:00AM,28.9,28.9,29.3,29.3,29.3
2022/8/2702:00:00AM,28.7,28.7,29.1,29.1,29.1
2022/8/2703:00:00AM,28.6,28.6,28.8,28.8,28.8
2022/8/2704:00:00AM,28.6,28.6,28.7,28.7,28.7
2022/8/2705:00:00AM,28.7,28.7,28.7,28.7,28.7
2022/8/2706:00:00AM,28.8,28.8,28.6,28.6,28.6
2022/8/2707:00:00AM,29.9,29.9,29.4,29.4,29.4
2022/8/2708:00:00AM,29.3,29.3,30,30,30
2022/8/2709:00:00AM,30.8,30.8,31.3,31.3,31.3
2022/8/2710:00:00AM,31,31,32,32,32
2022/8/2711:00:00AM,32.2,32.2,32.8,32.8,32.8
2022/8/2712:00:00PM,32.1,32.1,32.8,32.8,32.8
2022/8/2701:00:00PM,31.8,31.8,33.2,33.2,33.2
2022/8/2702:00:00PM,31.8,31.8,33.5,33.5,33.5
2022/8/2703:00:00PM,31.2,31.2,32.5,32.5,32.5
2022/8/2704:00:00PM,31.4,31.4,32.1,32.1,32.1
2022/8/2705:00:00PM,30.4,30.4,31.5,31.5,31.5
2022/8/2706:00:00PM,30.3,30.3,30.8,30.8,30.8
2022/8/2707:00:00PM,30,30,30.6,30.6,30.6
2022/8/2708:00:00PM,30,30,30.2,30.2,30.2
2022/8/2709:00:00PM,29.9,29.9,30.1,30.1,30.1
2022/8/2710:00:00PM,29.9,29.9,30.1,30.1,30.1
2022/8/2711:00:00PM,30,30,29.8,29.8,29.8
2022/8/2812:00:00AM,29.9,29.9,30.1,30.1,30.1
2022/8/2801:00:00AM,29.8,29.8,29.9,29.9,29.9
2022/8/2802:00:00AM,29.6,29.6,29.9,29.9,29.9
2022/8/2803:00:00AM,29.5,29.5,29.5,29.5,29.5
2022/8/2804:00:00AM,29.4,29.4,29.2,29.2,29.2
2022/8/2805:00:00AM,29,29,29.2,29.2,29.2
2022/8/2806:00:00AM,28.9,28.9,29.1,29.1,29.1
2022/8/2807:00:00AM,29.5,29.5,29.6,29.6,29.6
2022/8/2808:00:00AM,30.1,30.1,30.7,30.7,30.7
2022/8/2809:00:00AM,31.2,31.2,31.5,31.5,31.5
2022/8/2810:00:00AM,32.3,32.3,32.9,32.9,32.9
2022/8/2811:00:00AM,31.5,31.5,33.1,33.1,33.1
2022/8/2812:00:00PM,32.5,32.5,33.4,33.4,33.4
2022/8/2801:00:00PM,32,32,32.6,32.6,32.6
2022/8/2802:00:00PM,30.3,30.3,31,31,31
2022/8/2803:00:00PM,29.6,29.6,27.8,27.8,27.8
2022/8/2804:00:00PM,26.3,26.3,26,26,26
2022/8/2805:00:00PM,25.9,25.9,25.9,25.9,25.9
2022/8/2806:00:00PM,26.5,26.5,26.3,26.3,26.3
2022/8/2807:00:00PM,26.8,26.8,26.8,26.8,26.8
2022/8/2808:00:00PM,27.1,27.1,27.5,27.5,27.5
2022/8/2809:00:00PM,27.6,27.6,27.9,27.9,27.9
2022/8/2810:00:00PM,27.8,27.8,27.7,27.7,27.7
2022/8/2811:00:00PM,26.5,26.5,26.6,26.6,26.6
2022/8/2912:00:00AM,26.4,26.4,26.2,26.2,26.2
2022/8/2901:00:00AM,26.5,26.5,26.4,26.4,26.4
2022/8/2902:00:00AM,26.6,26.6,26.8,26.8,26.8
2022/8/2903:00:00AM,26.9,26.9,26.7,26.7,26.7
2022/8/2904:00:00AM,26.7,26.7,26.8,26.8,26.8
2022/8/2905:00:00AM,26.6,26.6,26.9,26.9,26.9
2022/8/2906:00:00AM,27.2,27.2,26.9,26.9,26.9
2022/8/2907:00:00AM,28.8,28.8,27.8,27.8,27.8
2022/8/2908:00:00AM,29.4,29.4,28.7,28.7,28.7
2022/8/2909:00:00AM,29.7,29.7,29.9,29.9,29.9
2022/8/2910:00:00AM,30.6,30.6,29.9,29.9,29.9
2022/8/2911:00:00AM,31,31,30.9,30.9,30.9
2022/8/2912:00:00PM,31.2,31.2,30.5,30.5,30.5
2022/8/2901:00:00PM,30.5,30.5,32,32,32
2022/8/2902:00:00PM,31.3,31.3,31.6,31.6,31.6
2022/8/2903:00:00PM,30.9,30.9,31.1,31.1,31.1
2022/8/2904:00:00PM,30.4,30.4,30.4,30.4,30.4
2022/8/2905:00:00PM,29.5,29.5,27.8,27.8,27.8
2022/8/2906:00:00PM,28,28,27.9,27.9,27.9
2022/8/2907:00:00PM,28.3,28.3,27.7,27.7,27.7
2022/8/2908:00:00PM,28.7,28.7,28.6,28.6,28.6
2022/8/2909:00:00PM,28.6,28.6,28.5,28.5,28.5
2022/8/2910:00:00PM,28.2,28.2,28.4,28.4,28.4
2022/8/2911:00:00PM,28.5,28.5,28.4,28.4,28.4
2022/8/3012:00:00AM,28.3,28.3,28.4,28.4,28.4
2022/8/3001:00:00AM,28.1,28.1,28.4,28.4,28.4
2022/8/3002:00:00AM,28.1,28.1,28.2,28.2,28.2
2022/8/3003:00:00AM,27.8,27.8,28.1,28.1,28.1
2022/8/3004:00:00AM,27.6,27.6,28.2,28.2,28.2
2022/8/3005:00:00AM,27.7,27.7,27.9,27.9,27.9
2022/8/3006:00:00AM,27.5,27.5,27.6,27.6,27.6
2022/8/3007:00:00AM,28.5,28.5,27.9,27.9,27.9
2022/8/3008:00:00AM,29.8,29.8,29,29,29
2022/8/3009:00:00AM,30.7,30.7,30,30,30
2022/8/3010:00:00AM,31.2,31.2,31,31,31
2022/8/3011:00:00AM,31.4,31.4,31.9,31.9,31.9
2022/8/3012:00:00PM,32,32,32.3,32.3,32.3
2022/8/3001:00:00PM,31.4,31.4,32,32,32
2022/8/3002:00:00PM,31.4,31.4,32.1,32.1,32.1
2022/8/3003:00:00PM,31.2,31.2,32.4,32.4,32.4
2022/8/3004:00:00PM,31.2,31.2,31.4,31.4,31.4
2022/8/3005:00:00PM,30.7,30.7,31.1,31.1,31.1
2022/8/3006:00:00PM,30.2,30.2,30.8,30.8,30.8
2022/8/3007:00:00PM,30.2,30.2,30.5,30.5,30.5
2022/8/3008:00:00PM,29.2,29.2,29.4,29.4,29.4
2022/8/3009:00:00PM,28.8,28.8,28.8,28.8,28.8
2022/8/3010:00:00PM,28.8,28.8,28.2,28.2,28.2
2022/8/3011:00:00PM,28.5,28.5,28.7,28.7,28.7
2022/8/3112:00:00AM,28.4,28.4,28.4,28.4,28.4
2022/8/3101:00:00AM,28.3,28.3,28.5,28.5,28.5
2022/8/3102:00:00AM,28.5,28.5,28.6,28.6,28.6
2022/8/3103:00:00AM,28.3,28.3,28.2,28.2,28.2
2022/8/3104:00:00AM,28.4,28.4,28.4,28.4,28.4
2022/8/3105:00:00AM,28.3,28.3,28.1,28.1,28.1
2022/8/3106:00:00AM,28.4,28.4,27.5,27.5,27.5
2022/8/3107:00:00AM,29.5,29.5,28.6,28.6,28.6
2022/8/3108:00:00AM,30.3,30.3,30,30,30
2022/8/3109:00:00AM,31.1,31.1,30.3,30.3,30.3
2022/8/3110:00:00AM,31.3,31.3,30.6,30.6,30.6
2022/8/3111:00:00AM,31.5,31.5,31.3,31.3,31.3
2022/8/3112:00:00PM,32.2,32.2,32.9,32.9,32.9
2022/8/3101:00:00PM,31.6,31.6,33.1,33.1,33.1
2022/8/3102:00:00PM,31.5,31.5,32.6,32.6,32.6
2022/8/3103:00:00PM,31.9,31.9,32.4,32.4,32.4
2022/8/3104:00:00PM,32.8,32.8,32.8,32.8,32.8
2022/8/3105:00:00PM,31.9,31.9,31.8,31.8,31.8
2022/8/3106:00:00PM,30.6,30.6,30.8,30.8,30.8
2022/8/3107:00:00PM,30.6,30.6,30.6,30.6,30.6
2022/8/3108:00:00PM,29.1,29.1,28.2,28.2,28.2
2022/8/3109:00:00PM,28.1,28.1,28,28,28
2022/8/3110:00:00PM,28.4,28.4,28.9,28.9,28.9
2022/8/3111:00:00PM,28.7,28.7,28.8,28.8,28.8