dt_date,Parking
2022/7/1,0
2022/7/1,0
2022/7/1,0
2022/7/1,0
2022/7/1,0
2022/7/1,0
2022/7/1,0
2022/7/1,38
2022/7/1,42
2022/7/1,15
2022/7/1,38
2022/7/1,18
2022/7/1,28
2022/7/1,20
2022/7/1,18
2022/7/1,34
2022/7/1,20
2022/7/1,25
2022/7/1,33
2022/7/1,21
2022/7/1,4
2022/7/1,0
2022/7/1,0
2022/7/1,0
2022/7/2,0
2022/7/2,0
2022/7/2,0
2022/7/2,0
2022/7/2,0
2022/7/2,0
2022/7/2,0
2022/7/2,43
2022/7/2,22
2022/7/2,15
2022/7/2,15
2022/7/2,12
2022/7/2,25
2022/7/2,21
2022/7/2,0
2022/7/2,0
2022/7/2,0
2022/7/2,0
2022/7/2,0
2022/7/2,0
2022/7/2,0
2022/7/2,0
2022/7/2,0
2022/7/2,0
2022/7/3,0
2022/7/3,0
2022/7/3,0
2022/7/3,0
2022/7/3,0
2022/7/3,0
2022/7/3,0
2022/7/3,25
2022/7/3,21
2022/7/3,4
2022/7/3,13
2022/7/3,16
2022/7/3,13
2022/7/3,0
2022/7/3,47
2022/7/3,14
2022/7/3,13
2022/7/3,20
2022/7/3,21
2022/7/3,25
2022/7/3,1
2022/7/3,0
2022/7/3,0
2022/7/3,0
2022/7/4,0
2022/7/4,0
2022/7/4,0
2022/7/4,0
2022/7/4,0
2022/7/4,0
2022/7/4,0
2022/7/4,43
2022/7/4,19
2022/7/4,33
2022/7/4,6
2022/7/4,34
2022/7/4,33
2022/7/4,12
2022/7/4,38
2022/7/4,26
2022/7/4,22
2022/7/4,16
2022/7/4,31
2022/7/4,16
2022/7/4,0
2022/7/4,0
2022/7/4,0
2022/7/4,0
2022/7/5,0
2022/7/5,0
2022/7/5,0
2022/7/5,0
2022/7/5,0
2022/7/5,0
2022/7/5,0
2022/7/5,45
2022/7/5,41
2022/7/5,16
2022/7/5,18
2022/7/5,13
2022/7/5,43
2022/7/5,8
2022/7/5,56
2022/7/5,28
2022/7/5,24
2022/7/5,23
2022/7/5,26
2022/7/5,28
2022/7/5,6
2022/7/5,0
2022/7/5,0
2022/7/5,0
2022/7/6,0
2022/7/6,0
2022/7/6,0
2022/7/6,0
2022/7/6,0
2022/7/6,0
2022/7/6,0
2022/7/6,42
2022/7/6,11
2022/7/6,15
2022/7/6,20
2022/7/6,32
2022/7/6,10
2022/7/6,14
2022/7/6,19
2022/7/6,8
2022/7/6,4
2022/7/6,0
2022/7/6,0
2022/7/6,0
2022/7/6,0
2022/7/6,0
2022/7/6,0
2022/7/6,0
2022/7/7,0
2022/7/7,0
2022/7/7,0
2022/7/7,0
2022/7/7,0
2022/7/7,0
2022/7/7,0
2022/7/7,44
2022/7/7,27
2022/7/7,20
2022/7/7,28
2022/7/7,29
2022/7/7,11
2022/7/7,36
2022/7/7,16
2022/7/7,0
2022/7/7,10
2022/7/7,12
2022/7/7,12
2022/7/7,0
2022/7/7,4
2022/7/7,0
2022/7/7,0
2022/7/7,0
2022/7/8,0
2022/7/8,0
2022/7/8,0
2022/7/8,0
2022/7/8,0
2022/7/8,0
2022/7/8,0
2022/7/8,46
2022/7/8,33
2022/7/8,20
2022/7/8,20
2022/7/8,32
2022/7/8,32
2022/7/8,21
2022/7/8,50
2022/7/8,35
2022/7/8,26
2022/7/8,24
2022/7/8,20
2022/7/8,16
2022/7/8,0
2022/7/8,0
2022/7/8,0
2022/7/8,0
2022/7/9,0
2022/7/9,0
2022/7/9,0
2022/7/9,0
2022/7/9,0
2022/7/9,0
2022/7/9,0
2022/7/9,5
2022/7/9,40
2022/7/9,2
2022/7/9,9
2022/7/9,4
2022/7/9,7
2022/7/9,25
2022/7/9,9
2022/7/9,13
2022/7/9,17
2022/7/9,10
2022/7/9,7
2022/7/9,15
2022/7/9,6
2022/7/9,0
2022/7/9,0
2022/7/9,0
2022/7/10,0
2022/7/10,0
2022/7/10,0
2022/7/10,0
2022/7/10,0
2022/7/10,0
2022/7/10,0
2022/7/10,50
2022/7/10,12
2022/7/10,16
2022/7/10,18
2022/7/10,27
2022/7/10,32
2022/7/10,21
2022/7/10,17
2022/7/10,0
2022/7/10,12
2022/7/10,2
2022/7/10,13
2022/7/10,0
2022/7/10,20
2022/7/10,0
2022/7/10,0
2022/7/10,0
2022/7/11,0
2022/7/11,0
2022/7/11,0
2022/7/11,0
2022/7/11,0
2022/7/11,0
2022/7/11,0
2022/7/11,39
2022/7/11,35
2022/7/11,30
2022/7/11,17
2022/7/11,41
2022/7/11,17
2022/7/11,25
2022/7/11,41
2022/7/11,38
2022/7/11,13
2022/7/11,20
2022/7/11,22
2022/7/11,35
2022/7/11,4
2022/7/11,0
2022/7/11,0
2022/7/11,0
2022/7/12,0
2022/7/12,0
2022/7/12,0
2022/7/12,0
2022/7/12,0
2022/7/12,0
2022/7/12,0
2022/7/12,43
2022/7/12,46
2022/7/12,24
2022/7/12,32
2022/7/12,41
2022/7/12,33
2022/7/12,20
2022/7/12,27
2022/7/12,26
2022/7/12,34
2022/7/12,31
2022/7/12,22
2022/7/12,18
2022/7/12,6
2022/7/12,0
2022/7/12,0
2022/7/12,0
2022/7/13,0
2022/7/13,0
2022/7/13,0
2022/7/13,0
2022/7/13,0
2022/7/13,0
2022/7/13,0
2022/7/13,47
2022/7/13,42
2022/7/13,24
2022/7/13,40
2022/7/13,34
2022/7/13,25
2022/7/13,31
2022/7/13,35
2022/7/13,44
2022/7/13,27
2022/7/13,29
2022/7/13,29
2022/7/13,23
2022/7/13,11
2022/7/13,0
2022/7/13,0
2022/7/13,0
2022/7/14,0
2022/7/14,0
2022/7/14,0
2022/7/14,0
2022/7/14,0
2022/7/14,0
2022/7/14,0
2022/7/14,60
2022/7/14,4
2022/7/14,24
2022/7/14,23
2022/7/14,14
2022/7/14,35
2022/7/14,7
2022/7/14,31
2022/7/14,14
2022/7/14,7
2022/7/14,27
2022/7/14,19
2022/7/14,27
2022/7/14,0
2022/7/14,0
2022/7/14,0
2022/7/14,0
2022/7/15,0
2022/7/15,0
2022/7/15,0
2022/7/15,0
2022/7/15,0
2022/7/15,0
2022/7/15,0
2022/7/15,46
2022/7/15,40
2022/7/15,23
2022/7/15,27
2022/7/15,14
2022/7/15,21
2022/7/15,31
2022/7/15,54
2022/7/15,10
2022/7/15,34
2022/7/15,17
2022/7/15,46
2022/7/15,20
2022/7/15,8
2022/7/15,0
2022/7/15,0
2022/7/15,0
2022/7/16,0
2022/7/16,0
2022/7/16,0
2022/7/16,0
2022/7/16,0
2022/7/16,0
2022/7/16,0
2022/7/16,63
2022/7/16,14
2022/7/16,27
2022/7/16,37
2022/7/16,17
2022/7/16,21
2022/7/16,6
2022/7/16,25
2022/7/16,35
2022/7/16,20
2022/7/16,16
2022/7/16,21
2022/7/16,21
2022/7/16,0
2022/7/16,0
2022/7/16,0
2022/7/16,0
2022/7/17,0
2022/7/17,0
2022/7/17,0
2022/7/17,0
2022/7/17,0
2022/7/17,0
2022/7/17,0
2022/7/17,0
2022/7/17,26
2022/7/17,0
2022/7/17,11
2022/7/17,6
2022/7/17,12
2022/7/17,0
2022/7/17,0
2022/7/17,0
2022/7/17,0
2022/7/17,0
2022/7/17,0
2022/7/17,0
2022/7/17,0
2022/7/17,0
2022/7/17,0
2022/7/17,0
2022/7/18,0
2022/7/18,0
2022/7/18,0
2022/7/18,0
2022/7/18,0
2022/7/18,0
2022/7/18,0
2022/7/18,54
2022/7/18,22
2022/7/18,10
2022/7/18,20
2022/7/18,31
2022/7/18,29
2022/7/18,8
2022/7/18,47
2022/7/18,43
2022/7/18,29
2022/7/18,28
2022/7/18,29
2022/7/18,23
2022/7/18,2
2022/7/18,0
2022/7/18,0
2022/7/18,0
2022/7/19,0
2022/7/19,0
2022/7/19,0
2022/7/19,0
2022/7/19,0
2022/7/19,0
2022/7/19,0
2022/7/19,42
2022/7/19,14
2022/7/19,28
2022/7/19,21
2022/7/19,32
2022/7/19,16
2022/7/19,31
2022/7/19,35
2022/7/19,32
2022/7/19,26
2022/7/19,28
2022/7/19,38
2022/7/19,24
2022/7/19,0
2022/7/19,0
2022/7/19,0
2022/7/19,0
2022/7/20,0
2022/7/20,0
2022/7/20,0
2022/7/20,0
2022/7/20,0
2022/7/20,0
2022/7/20,0
2022/7/20,50
2022/7/20,25
2022/7/20,12
2022/7/20,17
2022/7/20,29
2022/7/20,27
2022/7/20,12
2022/7/20,42
2022/7/20,23
2022/7/20,23
2022/7/20,23
2022/7/20,21
2022/7/20,20
2022/7/20,4
2022/7/20,0
2022/7/20,0
2022/7/20,0
2022/7/21,0
2022/7/21,0
2022/7/21,0
2022/7/21,0
2022/7/21,0
2022/7/21,0
2022/7/21,0
2022/7/21,41
2022/7/21,36
2022/7/21,20
2022/7/21,36
2022/7/21,31
2022/7/21,31
2022/7/21,0
2022/7/21,13
2022/7/21,36
2022/7/21,7
2022/7/21,28
2022/7/21,9
2022/7/21,24
2022/7/21,3
2022/7/21,0
2022/7/21,0
2022/7/21,0
2022/7/22,0
2022/7/22,0
2022/7/22,0
2022/7/22,0
2022/7/22,0
2022/7/22,0
2022/7/22,0
2022/7/22,47
2022/7/22,40
2022/7/22,21
2022/7/22,25
2022/7/22,17
2022/7/22,28
2022/7/22,37
2022/7/22,30
2022/7/22,46
2022/7/22,21
2022/7/22,24
2022/7/22,26
2022/7/22,32
2022/7/22,5
2022/7/22,0
2022/7/22,0
2022/7/22,0
2022/7/23,0
2022/7/23,0
2022/7/23,0
2022/7/23,0
2022/7/23,0
2022/7/23,0
2022/7/23,0
2022/7/23,31
2022/7/23,33
2022/7/23,10
2022/7/23,16
2022/7/23,27
2022/7/23,19
2022/7/23,0
2022/7/23,47
2022/7/23,34
2022/7/23,19
2022/7/23,23
2022/7/23,19
2022/7/23,15
2022/7/23,9
2022/7/23,0
2022/7/23,0
2022/7/23,0
2022/7/24,0
2022/7/24,0
2022/7/24,0
2022/7/24,0
2022/7/24,0
2022/7/24,0
2022/7/24,0
2022/7/24,26
2022/7/24,13
2022/7/24,11
2022/7/24,5
2022/7/24,18
2022/7/24,13
2022/7/24,17
2022/7/24,0
2022/7/24,0
2022/7/24,0
2022/7/24,0
2022/7/24,0
2022/7/24,0
2022/7/24,0
2022/7/24,0
2022/7/24,0
2022/7/24,0
2022/7/25,0
2022/7/25,0
2022/7/25,0
2022/7/25,0
2022/7/25,0
2022/7/25,0
2022/7/25,0
2022/7/25,46
2022/7/25,50
2022/7/25,27
2022/7/25,33
2022/7/25,23
2022/7/25,38
2022/7/25,39
2022/7/25,31
2022/7/25,44
2022/7/25,24
2022/7/25,20
2022/7/25,34
2022/7/25,26
2022/7/25,0
2022/7/25,0
2022/7/25,0
2022/7/25,0
2022/7/26,0
2022/7/26,0
2022/7/26,0
2022/7/26,0
2022/7/26,0
2022/7/26,0
2022/7/26,0
2022/7/26,20
2022/7/26,63
2022/7/26,29
2022/7/26,23
2022/7/26,39
2022/7/26,12
2022/7/26,7
2022/7/26,11
2022/7/26,4
2022/7/26,14
2022/7/26,9
2022/7/26,22
2022/7/26,11
2022/7/26,0
2022/7/26,0
2022/7/26,0
2022/7/26,0
2022/7/27,0
2022/7/27,0
2022/7/27,0
2022/7/27,0
2022/7/27,0
2022/7/27,0
2022/7/27,0
2022/7/27,57
2022/7/27,21
2022/7/27,23
2022/7/27,21
2022/7/27,16
2022/7/27,3
2022/7/27,16
2022/7/27,36
2022/7/27,43
2022/7/27,25
2022/7/27,16
2022/7/27,19
2022/7/27,28
2022/7/27,7
2022/7/27,0
2022/7/27,0
2022/7/27,0
2022/7/28,0
2022/7/28,0
2022/7/28,0
2022/7/28,0
2022/7/28,0
2022/7/28,0
2022/7/28,0
2022/7/28,50
2022/7/28,21
2022/7/28,21
2022/7/28,28
2022/7/28,36
2022/7/28,26
2022/7/28,2
2022/7/28,32
2022/7/28,23
2022/7/28,27
2022/7/28,9
2022/7/28,15
2022/7/28,20
2022/7/28,2
2022/7/28,0
2022/7/28,0
2022/7/28,0
2022/7/29,0
2022/7/29,0
2022/7/29,0
2022/7/29,0
2022/7/29,0
2022/7/29,0
2022/7/29,0
2022/7/29,54
2022/7/29,35
2022/7/29,26
2022/7/29,26
2022/7/29,43
2022/7/29,28
2022/7/29,26
2022/7/29,0
2022/7/29,8
2022/7/29,0
2022/7/29,10
2022/7/29,0
2022/7/29,0
2022/7/29,0
2022/7/29,0
2022/7/29,0
2022/7/29,0
2022/7/30,0
2022/7/30,0
2022/7/30,0
2022/7/30,0
2022/7/30,0
2022/7/30,0
2022/7/30,0
2022/7/30,51
2022/7/30,16
2022/7/30,25
2022/7/30,21
2022/7/30,11
2022/7/30,0
2022/7/30,13
2022/7/30,50
2022/7/30,27
2022/7/30,32
2022/7/30,26
2022/7/30,23
2022/7/30,20
2022/7/30,0
2022/7/30,0
2022/7/30,0
2022/7/30,0
2022/7/31,0
2022/7/31,0
2022/7/31,0
2022/7/31,0
2022/7/31,0
2022/7/31,0
2022/7/31,0
2022/7/31,36
2022/7/31,22
2022/7/31,8
2022/7/31,17
2022/7/31,0
2022/7/31,0
2022/7/31,0
2022/7/31,21
2022/7/31,25
2022/7/31,37
2022/7/31,14
2022/7/31,13
2022/7/31,30
2022/7/31,4
2022/7/31,0
2022/7/31,0
2022/7/31,0
2022/8/1,0
2022/8/1,0
2022/8/1,0
2022/8/1,0
2022/8/1,0
2022/8/1,0
2022/8/1,0
2022/8/1,31
2022/8/1,51
2022/8/1,16
2022/8/1,29
2022/8/1,37
2022/8/1,20
2022/8/1,18
2022/8/1,46
2022/8/1,27
2022/8/1,12
2022/8/1,31
2022/8/1,17
2022/8/1,34
2022/8/1,1
2022/8/1,0
2022/8/1,0
2022/8/1,0
2022/8/2,0
2022/8/2,0
2022/8/2,0
2022/8/2,0
2022/8/2,0
2022/8/2,0
2022/8/2,0
2022/8/2,43
2022/8/2,26
2022/8/2,22
2022/8/2,2
2022/8/2,42
2022/8/2,46
2022/8/2,41
2022/8/2,0
2022/8/2,12
2022/8/2,10
2022/8/2,0
2022/8/2,15
2022/8/2,8
2022/8/2,0
2022/8/2,0
2022/8/2,0
2022/8/2,0
2022/8/3,0
2022/8/3,0
2022/8/3,0
2022/8/3,0
2022/8/3,0
2022/8/3,0
2022/8/3,0
2022/8/3,37
2022/8/3,30
2022/8/3,20
2022/8/3,15
2022/8/3,26
2022/8/3,37
2022/8/3,21
2022/8/3,0
2022/8/3,0
2022/8/3,0
2022/8/3,0
2022/8/3,0
2022/8/3,0
2022/8/3,0
2022/8/3,0
2022/8/3,0
2022/8/3,0
2022/8/4,0
2022/8/4,0
2022/8/4,0
2022/8/4,0
2022/8/4,0
2022/8/4,0
2022/8/4,0
2022/8/4,41
2022/8/4,22
2022/8/4,34
2022/8/4,24
2022/8/4,22
2022/8/4,34
2022/8/4,33
2022/8/4,44
2022/8/4,37
2022/8/4,33
2022/8/4,19
2022/8/4,30
2022/8/4,6
2022/8/4,12
2022/8/4,0
2022/8/4,0
2022/8/4,0
2022/8/5,0
2022/8/5,0
2022/8/5,0
2022/8/5,0
2022/8/5,0
2022/8/5,0
2022/8/5,0
2022/8/5,37
2022/8/5,34
2022/8/5,29
2022/8/5,25
2022/8/5,9
2022/8/5,37
2022/8/5,24
2022/8/5,12
2022/8/5,32
2022/8/5,24
2022/8/5,23
2022/8/5,4
2022/8/5,21
2022/8/5,6
2022/8/5,0
2022/8/5,0
2022/8/5,0
2022/8/6,0
2022/8/6,0
2022/8/6,0
2022/8/6,0
2022/8/6,0
2022/8/6,0
2022/8/6,0
2022/8/6,38
2022/8/6,19
2022/8/6,21
2022/8/6,14
2022/8/6,0
2022/8/6,0
2022/8/6,0
2022/8/6,48
2022/8/6,22
2022/8/6,22
2022/8/6,12
2022/8/6,15
2022/8/6,20
2022/8/6,0
2022/8/6,0
2022/8/6,0
2022/8/6,0
2022/8/7,0
2022/8/7,0
2022/8/7,0
2022/8/7,0
2022/8/7,0
2022/8/7,0
2022/8/7,0
2022/8/7,34
2022/8/7,20
2022/8/7,11
2022/8/7,19
2022/8/7,26
2022/8/7,16
2022/8/7,22
2022/8/7,20
2022/8/7,24
2022/8/7,6
2022/8/7,23
2022/8/7,21
2022/8/7,14
2022/8/7,0
2022/8/7,0
2022/8/7,0
2022/8/7,0
2022/8/8,0
2022/8/8,0
2022/8/8,0
2022/8/8,0
2022/8/8,0
2022/8/8,0
2022/8/8,0
2022/8/8,51
2022/8/8,30
2022/8/8,26
2022/8/8,16
2022/8/8,29
2022/8/8,32
2022/8/8,31
2022/8/8,53
2022/8/8,39
2022/8/8,26
2022/8/8,42
2022/8/8,36
2022/8/8,38
2022/8/8,5
2022/8/8,0
2022/8/8,0
2022/8/8,0
2022/8/9,0
2022/8/9,0
2022/8/9,0
2022/8/9,0
2022/8/9,0
2022/8/9,0
2022/8/9,0
2022/8/9,42
2022/8/9,33
2022/8/9,13
2022/8/9,25
2022/8/9,36
2022/8/9,16
2022/8/9,31
2022/8/9,40
2022/8/9,34
2022/8/9,16
2022/8/9,35
2022/8/9,36
2022/8/9,32
2022/8/9,0
2022/8/9,0
2022/8/9,0
2022/8/9,0
2022/8/10,0
2022/8/10,0
2022/8/10,0
2022/8/10,0
2022/8/10,0
2022/8/10,0
2022/8/10,0
2022/8/10,58
2022/8/10,39
2022/8/10,13
2022/8/10,19
2022/8/10,13
2022/8/10,29
2022/8/10,7
2022/8/10,23
2022/8/10,32
2022/8/10,5
2022/8/10,13
2022/8/10,51
2022/8/10,28
2022/8/10,7
2022/8/10,0
2022/8/10,0
2022/8/10,0
2022/8/11,0
2022/8/11,0
2022/8/11,0
2022/8/11,0
2022/8/11,0
2022/8/11,0
2022/8/11,0
2022/8/11,55
2022/8/11,30
2022/8/11,26
2022/8/11,31
2022/8/11,27
2022/8/11,19
2022/8/11,33
2022/8/11,45
2022/8/11,28
2022/8/11,17
2022/8/11,31
2022/8/11,25
2022/8/11,23
2022/8/11,10
2022/8/11,0
2022/8/11,0
2022/8/11,0
2022/8/12,0
2022/8/12,0
2022/8/12,0
2022/8/12,0
2022/8/12,0
2022/8/12,0
2022/8/12,0
2022/8/12,31
2022/8/12,38
2022/8/12,19
2022/8/12,24
2022/8/12,22
2022/8/12,16
2022/8/12,26
2022/8/12,0
2022/8/12,0
2022/8/12,0
2022/8/12,0
2022/8/12,0
2022/8/12,0
2022/8/12,0
2022/8/12,0
2022/8/12,0
2022/8/12,0
2022/8/13,0
2022/8/13,0
2022/8/13,0
2022/8/13,0
2022/8/13,0
2022/8/13,0
2022/8/13,0
2022/8/13,36
2022/8/13,38
2022/8/13,20
2022/8/13,19
2022/8/13,30
2022/8/13,16
2022/8/13,32
2022/8/13,14
2022/8/13,22
2022/8/13,28
2022/8/13,15
2022/8/13,11
2022/8/13,20
2022/8/13,0
2022/8/13,0
2022/8/13,0
2022/8/13,0
2022/8/14,0
2022/8/14,0
2022/8/14,0
2022/8/14,0
2022/8/14,0
2022/8/14,0
2022/8/14,0
2022/8/14,33
2022/8/14,10
2022/8/14,13
2022/8/14,17
2022/8/14,2
2022/8/14,21
2022/8/14,18
2022/8/14,49
2022/8/14,26
2022/8/14,14
2022/8/14,20
2022/8/14,13
2022/8/14,36
2022/8/14,0
2022/8/14,0
2022/8/14,0
2022/8/14,0
2022/8/15,0
2022/8/15,0
2022/8/15,0
2022/8/15,0
2022/8/15,0
2022/8/15,0
2022/8/15,0
2022/8/15,47
2022/8/15,29
2022/8/15,22
2022/8/15,20
2022/8/15,31
2022/8/15,26
2022/8/15,18
2022/8/15,35
2022/8/15,42
2022/8/15,22
2022/8/15,29
2022/8/15,20
2022/8/15,29
2022/8/15,1
2022/8/15,0
2022/8/15,0
2022/8/15,0
2022/8/16,0
2022/8/16,0
2022/8/16,0
2022/8/16,0
2022/8/16,0
2022/8/16,0
2022/8/16,0
2022/8/16,66
2022/8/16,4
2022/8/16,17
2022/8/16,26
2022/8/16,18
2022/8/16,23
2022/8/16,15
2022/8/16,63
2022/8/16,30
2022/8/16,10
2022/8/16,45
2022/8/16,24
2022/8/16,21
2022/8/16,4
2022/8/16,0
2022/8/16,0
2022/8/16,0
2022/8/17,0
2022/8/17,0
2022/8/17,0
2022/8/17,0
2022/8/17,0
2022/8/17,0
2022/8/17,0
2022/8/17,51
2022/8/17,16
2022/8/17,24
2022/8/17,10
2022/8/17,38
2022/8/17,36
2022/8/17,23
2022/8/17,22
2022/8/17,0
2022/8/17,9
2022/8/17,0
2022/8/17,0
2022/8/17,21
2022/8/17,0
2022/8/17,0
2022/8/17,0
2022/8/17,0
2022/8/18,0
2022/8/18,0
2022/8/18,0
2022/8/18,0
2022/8/18,0
2022/8/18,0
2022/8/18,0
2022/8/18,45
2022/8/18,41
2022/8/18,20
2022/8/18,22
2022/8/18,27
2022/8/18,8
2022/8/18,42
2022/8/18,47
2022/8/18,31
2022/8/18,13
2022/8/18,22
2022/8/18,36
2022/8/18,18
2022/8/18,10
2022/8/18,0
2022/8/18,0
2022/8/18,0
2022/8/19,0
2022/8/19,0
2022/8/19,0
2022/8/19,0
2022/8/19,0
2022/8/19,0
2022/8/19,0
2022/8/19,49
2022/8/19,28
2022/8/19,26
2022/8/19,29
2022/8/19,36
2022/8/19,12
2022/8/19,13
2022/8/19,55
2022/8/19,40
2022/8/19,13
2022/8/19,34
2022/8/19,41
2022/8/19,31
2022/8/19,3
2022/8/19,0
2022/8/19,0
2022/8/19,0
2022/8/20,0
2022/8/20,0
2022/8/20,0
2022/8/20,0
2022/8/20,0
2022/8/20,0
2022/8/20,0
2022/8/20,35
2022/8/20,23
2022/8/20,13
2022/8/20,11
2022/8/20,17
2022/8/20,16
2022/8/20,9
2022/8/20,38
2022/8/20,20
2022/8/20,10
2022/8/20,27
2022/8/20,22
2022/8/20,23
2022/8/20,0
2022/8/20,0
2022/8/20,0
2022/8/20,0
2022/8/21,0
2022/8/21,0
2022/8/21,0
2022/8/21,0
2022/8/21,0
2022/8/21,0
2022/8/21,0
2022/8/21,55
2022/8/21,7
2022/8/21,11
2022/8/21,18
2022/8/21,0
2022/8/21,0
2022/8/21,3
2022/8/21,50
2022/8/21,36
2022/8/21,29
2022/8/21,30
2022/8/21,25
2022/8/21,34
2022/8/21,8
2022/8/21,0
2022/8/21,0
2022/8/21,0
2022/8/22,0
2022/8/22,0
2022/8/22,0
2022/8/22,0
2022/8/22,0
2022/8/22,0
2022/8/22,0
2022/8/22,64
2022/8/22,20
2022/8/22,29
2022/8/22,21
2022/8/22,32
2022/8/22,32
2022/8/22,30
2022/8/22,45
2022/8/22,54
2022/8/22,10
2022/8/22,39
2022/8/22,19
2022/8/22,30
2022/8/22,0
2022/8/22,0
2022/8/22,0
2022/8/22,0
2022/8/23,0
2022/8/23,0
2022/8/23,0
2022/8/23,0
2022/8/23,0
2022/8/23,0
2022/8/23,0
2022/8/23,61
2022/8/23,17
2022/8/23,14
2022/8/23,19
2022/8/23,25
2022/8/23,30
2022/8/23,20
2022/8/23,42
2022/8/23,40
2022/8/23,25
2022/8/23,32
2022/8/23,33
2022/8/23,25
2022/8/23,2
2022/8/23,0
2022/8/23,0
2022/8/23,0
2022/8/24,0
2022/8/24,0
2022/8/24,0
2022/8/24,0
2022/8/24,0
2022/8/24,0
2022/8/24,0
2022/8/24,30
2022/8/24,23
2022/8/24,17
2022/8/24,22
2022/8/24,28
2022/8/24,19
2022/8/24,15
2022/8/24,46
2022/8/24,24
2022/8/24,27
2022/8/24,31
2022/8/24,35
2022/8/24,25
2022/8/24,0
2022/8/24,0
2022/8/24,0
2022/8/24,0
2022/8/25,0
2022/8/25,0
2022/8/25,0
2022/8/25,0
2022/8/25,0
2022/8/25,0
2022/8/25,0
2022/8/25,38
2022/8/25,37
2022/8/25,21
2022/8/25,33
2022/8/25,31
2022/8/25,25
2022/8/25,34
2022/8/25,48
2022/8/25,37
2022/8/25,32
2022/8/25,32
2022/8/25,27
2022/8/25,29
2022/8/25,9
2022/8/25,0
2022/8/25,0
2022/8/25,0
2022/8/26,0
2022/8/26,0
2022/8/26,0
2022/8/26,0
2022/8/26,0
2022/8/26,0
2022/8/26,0
2022/8/26,35
2022/8/26,23
2022/8/26,22
2022/8/26,15
2022/8/26,8
2022/8/26,44
2022/8/26,7
2022/8/26,66
2022/8/26,21
2022/8/26,23
2022/8/26,37
2022/8/26,12
2022/8/26,34
2022/8/26,7
2022/8/26,0
2022/8/26,0
2022/8/26,0
2022/8/27,0
2022/8/27,0
2022/8/27,0
2022/8/27,0
2022/8/27,0
2022/8/27,0
2022/8/27,0
2022/8/27,35
2022/8/27,19
2022/8/27,11
2022/8/27,24
2022/8/27,21
2022/8/27,16
2022/8/27,19
2022/8/27,26
2022/8/27,37
2022/8/27,8
2022/8/27,20
2022/8/27,27
2022/8/27,8
2022/8/27,1
2022/8/27,0
2022/8/27,0
2022/8/27,0
2022/8/28,0
2022/8/28,0
2022/8/28,0
2022/8/28,0
2022/8/28,0
2022/8/28,0
2022/8/28,0
2022/8/28,81
2022/8/28,10
2022/8/28,23
2022/8/28,21
2022/8/28,29
2022/8/28,36
2022/8/28,20
2022/8/28,18
2022/8/28,37
2022/8/28,20
2022/8/28,7
2022/8/28,17
2022/8/28,16
2022/8/28,9
2022/8/28,0
2022/8/28,0
2022/8/28,0
2022/8/29,0
2022/8/29,0
2022/8/29,0
2022/8/29,0
2022/8/29,0
2022/8/29,0
2022/8/29,0
2022/8/29,70
2022/8/29,11
2022/8/29,21
2022/8/29,30
2022/8/29,31
2022/8/29,14
2022/8/29,34
2022/8/29,44
2022/8/29,29
2022/8/29,33
2022/8/29,33
2022/8/29,31
2022/8/29,34
2022/8/29,8
2022/8/29,0
2022/8/29,0
2022/8/29,0
2022/8/30,0
2022/8/30,0
2022/8/30,0
2022/8/30,0
2022/8/30,0
2022/8/30,0
2022/8/30,0
2022/8/30,43
2022/8/30,34
2022/8/30,23
2022/8/30,35
2022/8/30,42
2022/8/30,19
2022/8/30,29
2022/8/30,46
2022/8/30,29
2022/8/30,13
2022/8/30,33
2022/8/30,18
2022/8/30,29
2022/8/30,7
2022/8/30,0
2022/8/30,0
2022/8/30,0
2022/8/31,0
2022/8/31,0
2022/8/31,0
2022/8/31,0
2022/8/31,0
2022/8/31,0
2022/8/31,0
2022/8/31,40
2022/8/31,15
2022/8/31,39
2022/8/31,12
2022/8/31,36
2022/8/31,20
2022/8/31,23
2022/8/31,27
2022/8/31,30
2022/8/31,3
2022/8/31,28
2022/8/31,12
2022/8/31,24
2022/8/31,0
2022/8/31,0
2022/8/31,0
2022/8/31,0